-- MySQL dump 10.13  Distrib 8.0.28, for Linux (x86_64)
--
-- Host: localhost    Database: twist
-- ------------------------------------------------------
-- Server version	8.0.28-0ubuntu0.20.04.3

/*!40101 SET @OLD_CHARACTER_SET_CLIENT=@@CHARACTER_SET_CLIENT */;
/*!40101 SET @OLD_CHARACTER_SET_RESULTS=@@CHARACTER_SET_RESULTS */;
/*!40101 SET @OLD_COLLATION_CONNECTION=@@COLLATION_CONNECTION */;
/*!50503 SET NAMES utf8mb4 */;
/*!40103 SET @OLD_TIME_ZONE=@@TIME_ZONE */;
/*!40103 SET TIME_ZONE='+00:00' */;
/*!40014 SET @OLD_UNIQUE_CHECKS=@@UNIQUE_CHECKS, UNIQUE_CHECKS=0 */;
/*!40014 SET @OLD_FOREIGN_KEY_CHECKS=@@FOREIGN_KEY_CHECKS, FOREIGN_KEY_CHECKS=0 */;
/*!40101 SET @OLD_SQL_MODE=@@SQL_MODE, SQL_MODE='NO_AUTO_VALUE_ON_ZERO' */;
/*!40111 SET @OLD_SQL_NOTES=@@SQL_NOTES, SQL_NOTES=0 */;

--
-- Table structure for table `auth_group`
--

DROP TABLE IF EXISTS `auth_group`;
/*!40101 SET @saved_cs_client     = @@character_set_client */;
/*!50503 SET character_set_client = utf8mb4 */;
CREATE TABLE `auth_group` (
  `id` int NOT NULL AUTO_INCREMENT,
  `name` varchar(150) NOT NULL,
  PRIMARY KEY (`id`),
  UNIQUE KEY `name` (`name`)
) ENGINE=InnoDB DEFAULT CHARSET=utf8mb4 COLLATE=utf8mb4_0900_ai_ci;
/*!40101 SET character_set_client = @saved_cs_client */;

--
-- Dumping data for table `auth_group`
--

LOCK TABLES `auth_group` WRITE;
/*!40000 ALTER TABLE `auth_group` DISABLE KEYS */;
/*!40000 ALTER TABLE `auth_group` ENABLE KEYS */;
UNLOCK TABLES;

--
-- Table structure for table `auth_group_permissions`
--

DROP TABLE IF EXISTS `auth_group_permissions`;
/*!40101 SET @saved_cs_client     = @@character_set_client */;
/*!50503 SET character_set_client = utf8mb4 */;
CREATE TABLE `auth_group_permissions` (
  `id` bigint NOT NULL AUTO_INCREMENT,
  `group_id` int NOT NULL,
  `permission_id` int NOT NULL,
  PRIMARY KEY (`id`),
  UNIQUE KEY `auth_group_permissions_group_id_permission_id_0cd325b0_uniq` (`group_id`,`permission_id`),
  KEY `auth_group_permissio_permission_id_84c5c92e_fk_auth_perm` (`permission_id`),
  CONSTRAINT `auth_group_permissio_permission_id_84c5c92e_fk_auth_perm` FOREIGN KEY (`permission_id`) REFERENCES `auth_permission` (`id`),
  CONSTRAINT `auth_group_permissions_group_id_b120cbf9_fk_auth_group_id` FOREIGN KEY (`group_id`) REFERENCES `auth_group` (`id`)
) ENGINE=InnoDB DEFAULT CHARSET=utf8mb4 COLLATE=utf8mb4_0900_ai_ci;
/*!40101 SET character_set_client = @saved_cs_client */;

--
-- Dumping data for table `auth_group_permissions`
--

LOCK TABLES `auth_group_permissions` WRITE;
/*!40000 ALTER TABLE `auth_group_permissions` DISABLE KEYS */;
/*!40000 ALTER TABLE `auth_group_permissions` ENABLE KEYS */;
UNLOCK TABLES;

--
-- Table structure for table `auth_permission`
--

DROP TABLE IF EXISTS `auth_permission`;
/*!40101 SET @saved_cs_client     = @@character_set_client */;
/*!50503 SET character_set_client = utf8mb4 */;
CREATE TABLE `auth_permission` (
  `id` int NOT NULL AUTO_INCREMENT,
  `name` varchar(255) NOT NULL,
  `content_type_id` int NOT NULL,
  `codename` varchar(100) NOT NULL,
  PRIMARY KEY (`id`),
  UNIQUE KEY `auth_permission_content_type_id_codename_01ab375a_uniq` (`content_type_id`,`codename`),
  CONSTRAINT `auth_permission_content_type_id_2f476e4b_fk_django_co` FOREIGN KEY (`content_type_id`) REFERENCES `django_content_type` (`id`)
) ENGINE=InnoDB AUTO_INCREMENT=65 DEFAULT CHARSET=utf8mb4 COLLATE=utf8mb4_0900_ai_ci;
/*!40101 SET character_set_client = @saved_cs_client */;

--
-- Dumping data for table `auth_permission`
--

LOCK TABLES `auth_permission` WRITE;
/*!40000 ALTER TABLE `auth_permission` DISABLE KEYS */;
INSERT INTO `auth_permission` VALUES (1,'Can add log entry',1,'add_logentry'),(2,'Can change log entry',1,'change_logentry'),(3,'Can delete log entry',1,'delete_logentry'),(4,'Can view log entry',1,'view_logentry'),(5,'Can add permission',2,'add_permission'),(6,'Can change permission',2,'change_permission'),(7,'Can delete permission',2,'delete_permission'),(8,'Can view permission',2,'view_permission'),(9,'Can add group',3,'add_group'),(10,'Can change group',3,'change_group'),(11,'Can delete group',3,'delete_group'),(12,'Can view group',3,'view_group'),(13,'Can add user',4,'add_user'),(14,'Can change user',4,'change_user'),(15,'Can delete user',4,'delete_user'),(16,'Can view user',4,'view_user'),(17,'Can add content type',5,'add_contenttype'),(18,'Can change content type',5,'change_contenttype'),(19,'Can delete content type',5,'delete_contenttype'),(20,'Can view content type',5,'view_contenttype'),(21,'Can add session',6,'add_session'),(22,'Can change session',6,'change_session'),(23,'Can delete session',6,'delete_session'),(24,'Can view session',6,'view_session'),(25,'Can add dash app',7,'add_dashapp'),(26,'Can change dash app',7,'change_dashapp'),(27,'Can delete dash app',7,'delete_dashapp'),(28,'Can view dash app',7,'view_dashapp'),(29,'Can add stateless app',8,'add_statelessapp'),(30,'Can change stateless app',8,'change_statelessapp'),(31,'Can delete stateless app',8,'delete_statelessapp'),(32,'Can view stateless app',8,'view_statelessapp'),(33,'Can add climate',9,'add_climate'),(34,'Can change climate',9,'change_climate'),(35,'Can delete climate',9,'delete_climate'),(36,'Can view climate',9,'view_climate'),(37,'Can add commodity',10,'add_commodity'),(38,'Can change commodity',10,'change_commodity'),(39,'Can delete commodity',10,'delete_commodity'),(40,'Can view commodity',10,'view_commodity'),(41,'Can add county',11,'add_county'),(42,'Can change county',11,'change_county'),(43,'Can delete county',11,'delete_county'),(44,'Can view county',11,'view_county'),(45,'Can add fertilizer imports',12,'add_fertilizerimports'),(46,'Can change fertilizer imports',12,'change_fertilizerimports'),(47,'Can delete fertilizer imports',12,'delete_fertilizerimports'),(48,'Can view fertilizer imports',12,'view_fertilizerimports'),(49,'Can add security and stability',13,'add_securityandstability'),(50,'Can change security and stability',13,'change_securityandstability'),(51,'Can delete security and stability',13,'delete_securityandstability'),(52,'Can view security and stability',13,'view_securityandstability'),(53,'Can add productions',14,'add_productions'),(54,'Can change productions',14,'change_productions'),(55,'Can delete productions',14,'delete_productions'),(56,'Can view productions',14,'view_productions'),(57,'Can add commodity prices',15,'add_commodityprices'),(58,'Can change commodity prices',15,'change_commodityprices'),(59,'Can delete commodity prices',15,'delete_commodityprices'),(60,'Can view commodity prices',15,'view_commodityprices'),(61,'Can add agriculture spending',16,'add_agriculturespending'),(62,'Can change agriculture spending',16,'change_agriculturespending'),(63,'Can delete agriculture spending',16,'delete_agriculturespending'),(64,'Can view agriculture spending',16,'view_agriculturespending');
/*!40000 ALTER TABLE `auth_permission` ENABLE KEYS */;
UNLOCK TABLES;

--
-- Table structure for table `auth_user`
--

DROP TABLE IF EXISTS `auth_user`;
/*!40101 SET @saved_cs_client     = @@character_set_client */;
/*!50503 SET character_set_client = utf8mb4 */;
CREATE TABLE `auth_user` (
  `id` int NOT NULL AUTO_INCREMENT,
  `password` varchar(128) NOT NULL,
  `last_login` datetime(6) DEFAULT NULL,
  `is_superuser` tinyint(1) NOT NULL,
  `username` varchar(150) NOT NULL,
  `first_name` varchar(150) NOT NULL,
  `last_name` varchar(150) NOT NULL,
  `email` varchar(254) NOT NULL,
  `is_staff` tinyint(1) NOT NULL,
  `is_active` tinyint(1) NOT NULL,
  `date_joined` datetime(6) NOT NULL,
  PRIMARY KEY (`id`),
  UNIQUE KEY `username` (`username`)
) ENGINE=InnoDB DEFAULT CHARSET=utf8mb4 COLLATE=utf8mb4_0900_ai_ci;
/*!40101 SET character_set_client = @saved_cs_client */;

--
-- Dumping data for table `auth_user`
--

LOCK TABLES `auth_user` WRITE;
/*!40000 ALTER TABLE `auth_user` DISABLE KEYS */;
/*!40000 ALTER TABLE `auth_user` ENABLE KEYS */;
UNLOCK TABLES;

--
-- Table structure for table `auth_user_groups`
--

DROP TABLE IF EXISTS `auth_user_groups`;
/*!40101 SET @saved_cs_client     = @@character_set_client */;
/*!50503 SET character_set_client = utf8mb4 */;
CREATE TABLE `auth_user_groups` (
  `id` bigint NOT NULL AUTO_INCREMENT,
  `user_id` int NOT NULL,
  `group_id` int NOT NULL,
  PRIMARY KEY (`id`),
  UNIQUE KEY `auth_user_groups_user_id_group_id_94350c0c_uniq` (`user_id`,`group_id`),
  KEY `auth_user_groups_group_id_97559544_fk_auth_group_id` (`group_id`),
  CONSTRAINT `auth_user_groups_group_id_97559544_fk_auth_group_id` FOREIGN KEY (`group_id`) REFERENCES `auth_group` (`id`),
  CONSTRAINT `auth_user_groups_user_id_6a12ed8b_fk_auth_user_id` FOREIGN KEY (`user_id`) REFERENCES `auth_user` (`id`)
) ENGINE=InnoDB DEFAULT CHARSET=utf8mb4 COLLATE=utf8mb4_0900_ai_ci;
/*!40101 SET character_set_client = @saved_cs_client */;

--
-- Dumping data for table `auth_user_groups`
--

LOCK TABLES `auth_user_groups` WRITE;
/*!40000 ALTER TABLE `auth_user_groups` DISABLE KEYS */;
/*!40000 ALTER TABLE `auth_user_groups` ENABLE KEYS */;
UNLOCK TABLES;

--
-- Table structure for table `auth_user_user_permissions`
--

DROP TABLE IF EXISTS `auth_user_user_permissions`;
/*!40101 SET @saved_cs_client     = @@character_set_client */;
/*!50503 SET character_set_client = utf8mb4 */;
CREATE TABLE `auth_user_user_permissions` (
  `id` bigint NOT NULL AUTO_INCREMENT,
  `user_id` int NOT NULL,
  `permission_id` int NOT NULL,
  PRIMARY KEY (`id`),
  UNIQUE KEY `auth_user_user_permissions_user_id_permission_id_14a6b632_uniq` (`user_id`,`permission_id`),
  KEY `auth_user_user_permi_permission_id_1fbb5f2c_fk_auth_perm` (`permission_id`),
  CONSTRAINT `auth_user_user_permi_permission_id_1fbb5f2c_fk_auth_perm` FOREIGN KEY (`permission_id`) REFERENCES `auth_permission` (`id`),
  CONSTRAINT `auth_user_user_permissions_user_id_a95ead1b_fk_auth_user_id` FOREIGN KEY (`user_id`) REFERENCES `auth_user` (`id`)
) ENGINE=InnoDB DEFAULT CHARSET=utf8mb4 COLLATE=utf8mb4_0900_ai_ci;
/*!40101 SET character_set_client = @saved_cs_client */;

--
-- Dumping data for table `auth_user_user_permissions`
--

LOCK TABLES `auth_user_user_permissions` WRITE;
/*!40000 ALTER TABLE `auth_user_user_permissions` DISABLE KEYS */;
/*!40000 ALTER TABLE `auth_user_user_permissions` ENABLE KEYS */;
UNLOCK TABLES;

--
-- Table structure for table `dashapp_agriculturespending`
--

DROP TABLE IF EXISTS `dashapp_agriculturespending`;
/*!40101 SET @saved_cs_client     = @@character_set_client */;
/*!50503 SET character_set_client = utf8mb4 */;
CREATE TABLE `dashapp_agriculturespending` (
  `id` bigint NOT NULL AUTO_INCREMENT,
  `year` int NOT NULL,
  `totalexpenditure` double NOT NULL,
  `agriculturespending` double NOT NULL,
  PRIMARY KEY (`id`)
) ENGINE=InnoDB AUTO_INCREMENT=6 DEFAULT CHARSET=utf8mb4 COLLATE=utf8mb4_0900_ai_ci;
/*!40101 SET character_set_client = @saved_cs_client */;

--
-- Dumping data for table `dashapp_agriculturespending`
--

LOCK TABLES `dashapp_agriculturespending` WRITE;
/*!40000 ALTER TABLE `dashapp_agriculturespending` DISABLE KEYS */;
INSERT INTO `dashapp_agriculturespending` VALUES (1,2014,2117414976860,61999020000),(2,2015,3103251146311,47045490071),(3,2016,3256235188687,35122941538),(4,2017,2026021578511,56677666918),(5,2018,2043037915410,77010000000);
/*!40000 ALTER TABLE `dashapp_agriculturespending` ENABLE KEYS */;
UNLOCK TABLES;

--
-- Table structure for table `dashapp_climate`
--

DROP TABLE IF EXISTS `dashapp_climate`;
/*!40101 SET @saved_cs_client     = @@character_set_client */;
/*!50503 SET character_set_client = utf8mb4 */;
CREATE TABLE `dashapp_climate` (
  `id` bigint NOT NULL AUTO_INCREMENT,
  `date` date NOT NULL,
  `rainfall` double NOT NULL,
  `temperature` double NOT NULL,
  PRIMARY KEY (`id`)
) ENGINE=InnoDB AUTO_INCREMENT=313 DEFAULT CHARSET=utf8mb4 COLLATE=utf8mb4_0900_ai_ci;
/*!40101 SET character_set_client = @saved_cs_client */;

--
-- Dumping data for table `dashapp_climate`
--

LOCK TABLES `dashapp_climate` WRITE;
/*!40000 ALTER TABLE `dashapp_climate` DISABLE KEYS */;
INSERT INTO `dashapp_climate` VALUES (1,'1991-01-01',38.2847,25.1631),(2,'1991-02-01',12.7492,26.0839),(3,'1991-03-01',73.3656,26.2236),(4,'1991-04-01',83.135,25.5812),(5,'1991-05-01',112.275,24.6618),(6,'1991-06-01',33.6106,23.9439),(7,'1991-07-01',36.6575,22.9982),(8,'1991-08-01',32.8066,23.0391),(9,'1991-09-01',18.3184,23.9423),(10,'1991-10-01',41.2266,25.5236),(11,'1991-11-01',60.2294,24.5875),(12,'1991-12-01',53.4232,24.7398),(13,'1992-01-01',10.2491,24.4359),(14,'1992-02-01',15.9125,26.2892),(15,'1992-03-01',17.0754,26.5409),(16,'1992-04-01',119.919,26.0819),(17,'1992-05-01',80.6001,24.7852),(18,'1992-06-01',30.0842,24.0563),(19,'1992-07-01',35.1079,22.8377),(20,'1992-08-01',28.0127,22.7902),(21,'1992-09-01',24.3121,23.8958),(22,'1992-10-01',47.1624,24.7925),(23,'1992-11-01',106.824,24.4195),(24,'1992-12-01',98.4172,24.4344),(25,'1993-01-01',80.9318,24.2897),(26,'1993-02-01',53.6675,25.0506),(27,'1993-03-01',24.0511,25.7925),(28,'1993-04-01',77.5293,25.9763),(29,'1993-05-01',110.664,24.9779),(30,'1993-06-01',50.2024,23.7715),(31,'1993-07-01',14.9912,22.8375),(32,'1993-08-01',21.9237,23.5543),(33,'1993-09-01',15.6103,23.8431),(34,'1993-10-01',42.0606,24.2092),(35,'1993-11-01',75.1036,25.2338),(36,'1993-12-01',40.1232,24.5048),(37,'1994-01-01',6.64417,24.6522),(38,'1994-02-01',17.6202,25.9058),(39,'1994-03-01',47.8114,25.7528),(40,'1994-04-01',111.038,25.6103),(41,'1994-05-01',82.2793,24.6294),(42,'1994-06-01',33.7607,23.7561),(43,'1994-07-01',44.5223,22.8275),(44,'1994-08-01',31.9213,23.5708),(45,'1994-09-01',20.1774,24.1753),(46,'1994-10-01',69.6349,25.222),(47,'1994-11-01',168.397,24.1713),(48,'1994-12-01',54.453,24.3497),(49,'1995-01-01',10.5799,24.9216),(50,'1995-02-01',37.3085,25.9945),(51,'1995-03-01',69.4802,26.1929),(52,'1995-04-01',150.358,26.0064),(53,'1995-05-01',66.9476,24.8333),(54,'1995-06-01',23.5026,24.1121),(55,'1995-07-01',27.0207,23.2944),(56,'1995-08-01',32.2454,23.6887),(57,'1995-09-01',30.5747,24.3098),(58,'1995-10-01',87.7315,25.3407),(59,'1995-11-01',72.5827,25.0667),(60,'1995-12-01',43.8125,25.0193),(61,'1996-01-01',24.3053,25.7146),(62,'1996-02-01',27.9605,26.4811),(63,'1996-03-01',74.9097,26.5805),(64,'1996-04-01',71.0857,25.7333),(65,'1996-05-01',85.918,24.6923),(66,'1996-06-01',50.8206,23.7897),(67,'1996-07-01',33.833,23.1185),(68,'1996-08-01',25.6055,23.2079),(69,'1996-09-01',23.9495,24.014),(70,'1996-10-01',19.2856,24.8826),(71,'1996-11-01',85.853,24.6425),(72,'1996-12-01',6.98666,24.9152),(73,'1997-01-01',8.74094,25.5562),(74,'1997-02-01',1.15765,25.9044),(75,'1997-03-01',45.8383,26.1192),(76,'1997-04-01',188.323,25.2267),(77,'1997-05-01',63.3745,24.7565),(78,'1997-06-01',46.6663,23.8643),(79,'1997-07-01',29.0068,23.3821),(80,'1997-08-01',28.8858,23.5251),(81,'1997-09-01',7.70611,24.9931),(82,'1997-10-01',179.669,25.0558),(83,'1997-11-01',247.081,24.4959),(84,'1997-12-01',116.062,24.6103),(85,'1998-01-01',76.2871,25.613),(86,'1998-02-01',59.9695,26.3175),(87,'1998-03-01',50.1806,26.7041),(88,'1998-04-01',115.334,25.8261),(89,'1998-05-01',149.305,24.5654),(90,'1998-06-01',69.6817,24.1029),(91,'1998-07-01',36.89,23.3852),(92,'1998-08-01',29.2989,23.313),(93,'1998-09-01',22.4775,24.3268),(94,'1998-10-01',30.0269,25.8522),(95,'1998-11-01',72.004,24.8346),(96,'1998-12-01',12.8653,24.7358),(97,'1999-01-01',17.4185,25.5838),(98,'1999-02-01',3.90971,26.7698),(99,'1999-03-01',85.2266,26.7005),(100,'1999-04-01',95.084,25.8207),(101,'1999-05-01',56.7194,25.3357),(102,'1999-06-01',30.8994,23.9813),(103,'1999-07-01',34.1242,23.1006),(104,'1999-08-01',37.8536,23.2923),(105,'1999-09-01',22.0581,24.4701),(106,'1999-10-01',62.4518,24.4443),(107,'1999-11-01',105.164,24.4406),(108,'1999-12-01',46.1816,24.4371),(109,'2000-01-01',14.7556,24.5514),(110,'2000-02-01',4.22166,25.5136),(111,'2000-03-01',32.876,26.5248),(112,'2000-04-01',68.5452,26.3236),(113,'2000-05-01',52.9646,25.2045),(114,'2000-06-01',37.8617,23.5084),(115,'2000-07-01',18.5894,24.1301),(116,'2000-08-01',32.591,24.0395),(117,'2000-09-01',25.9999,24.0184),(118,'2000-10-01',54.8905,24.5562),(119,'2000-11-01',76.8925,25.8349),(120,'2000-12-01',28.327,24.6516),(121,'2001-01-01',73.4348,25.6423),(122,'2001-02-01',9.14876,26.8772),(123,'2001-03-01',60.4919,27.1555),(124,'2001-04-01',102.772,25.7671),(125,'2001-05-01',59.8898,24.9937),(126,'2001-06-01',39.8834,23.4213),(127,'2001-07-01',30.7087,23.153),(128,'2001-08-01',27.1292,23.4107),(129,'2001-09-01',21.0991,24.7741),(130,'2001-10-01',40.8778,25.855),(131,'2001-11-01',130.099,24.8915),(132,'2001-12-01',26.9851,25.2077),(133,'2002-01-01',33.6236,25.5658),(134,'2002-02-01',48.709,26.4501),(135,'2002-03-01',44.18,27.0802),(136,'2002-04-01',179.977,26.4038),(137,'2002-05-01',87.748,25.7182),(138,'2002-06-01',19.0076,24.4419),(139,'2002-07-01',18.8563,23.7321),(140,'2002-08-01',26.1242,24.5022),(141,'2002-09-01',41.4186,25.0192),(142,'2002-10-01',82.289,25.6157),(143,'2002-11-01',77.2296,25.5577),(144,'2002-12-01',121.69,25.6499),(145,'2003-01-01',10.7769,25.9206),(146,'2003-02-01',4.79105,26.2382),(147,'2003-03-01',44.4622,27.1914),(148,'2003-04-01',194.147,27.0047),(149,'2003-05-01',126.015,25.8128),(150,'2003-06-01',29.297,24.411),(151,'2003-07-01',20.7714,23.8584),(152,'2003-08-01',21.4966,23.9016),(153,'2003-09-01',26.1649,24.5353),(154,'2003-10-01',38.9502,25.4204),(155,'2003-11-01',71.3184,25.3879),(156,'2003-12-01',28.6336,25.77),(157,'2004-01-01',54.7009,26.3393),(158,'2004-02-01',17.7408,26.9267),(159,'2004-03-01',45.8558,26.6257),(160,'2004-04-01',107.349,25.8352),(161,'2004-05-01',50.3418,25.6915),(162,'2004-06-01',25.4392,24.6079),(163,'2004-07-01',15.2559,23.7949),(164,'2004-08-01',17.5807,24.5243),(165,'2004-09-01',23.9635,24.4596),(166,'2004-10-01',75.8217,24.4763),(167,'2004-11-01',77.5228,25.1573),(168,'2004-12-01',41.0149,25.3106),(169,'2005-01-01',19.1011,24.8122),(170,'2005-02-01',13.6037,27.1921),(171,'2005-03-01',49.6763,27.4049),(172,'2005-04-01',57.2831,26.7171),(173,'2005-05-01',83.5191,25.1366),(174,'2005-06-01',20.1572,24.1579),(175,'2005-07-01',19.2082,23.5231),(176,'2005-08-01',24.0252,23.9151),(177,'2005-09-01',18.9451,25.2023),(178,'2005-10-01',64.2847,25.1685),(179,'2005-11-01',46.147,25.3178),(180,'2005-12-01',18.656,25.4102),(181,'2006-01-01',22.1909,26.012),(182,'2006-02-01',22.2449,26.9355),(183,'2006-03-01',82.786,27.0357),(184,'2006-04-01',131.79,25.8867),(185,'2006-05-01',83.3955,24.986),(186,'2006-06-01',25.9291,24.4074),(187,'2006-07-01',26.0609,23.548),(188,'2006-08-01',44.2328,24.2949),(189,'2006-09-01',49.3262,24.1269),(190,'2006-10-01',94.12,25.8045),(191,'2006-11-01',174.698,25.1589),(192,'2006-12-01',79.3671,24.8899),(193,'2007-01-01',34.3716,25.5855),(194,'2007-02-01',25.0993,26.4363),(195,'2007-03-01',50.4786,26.6092),(196,'2007-04-01',105.91,26.0444),(197,'2007-05-01',90.5702,25.5509),(198,'2007-06-01',23.7514,23.7128),(199,'2007-07-01',39.9548,22.7807),(200,'2007-08-01',64.4247,23.6905),(201,'2007-09-01',66.5627,24.7334),(202,'2007-10-01',46.6673,25.5032),(203,'2007-11-01',57.0503,24.8829),(204,'2007-12-01',48.9737,25.1843),(205,'2008-01-01',26.4445,25.9522),(206,'2008-02-01',28.524,26.0127),(207,'2008-03-01',121.991,26.2269),(208,'2008-04-01',85.7628,25.4593),(209,'2008-05-01',63.9306,24.5696),(210,'2008-06-01',23.9265,23.5775),(211,'2008-07-01',21.3722,23.2604),(212,'2008-08-01',29.2983,24.4005),(213,'2008-09-01',32.8981,25.4872),(214,'2008-10-01',86.2573,25.3388),(215,'2008-11-01',110.582,24.499),(216,'2008-12-01',13.715,24.8051),(217,'2009-01-01',32.8746,25.6666),(218,'2009-02-01',28.0516,26.1369),(219,'2009-03-01',22.3291,27.0794),(220,'2009-04-01',92.9484,26.8432),(221,'2009-05-01',72.8358,25.418),(222,'2009-06-01',30.4692,24.6483),(223,'2009-07-01',18.3059,23.8074),(224,'2009-08-01',19.4447,24.7409),(225,'2009-09-01',19.6691,25.2241),(226,'2009-10-01',130.978,25.6667),(227,'2009-11-01',77.4053,25.5432),(228,'2009-12-01',89.9905,26.582),(229,'2010-01-01',46.9243,26.2326),(230,'2010-02-01',44.5868,26.4022),(231,'2010-03-01',96.3101,27.0585),(232,'2010-04-01',109.239,26.7494),(233,'2010-05-01',72.8616,25.2216),(234,'2010-06-01',45.9529,24.1788),(235,'2010-07-01',16.5458,23.5993),(236,'2010-08-01',33.5338,24.1275),(237,'2010-09-01',16.7171,24.7352),(238,'2010-10-01',50.512,25.7465),(239,'2010-11-01',59.7331,25.2708),(240,'2010-12-01',42.677,25.984),(241,'2011-01-01',19.4906,26.1305),(242,'2011-02-01',28.7876,26.0875),(243,'2011-03-01',83.5573,26.8969),(244,'2011-04-01',65.3496,27.0179),(245,'2011-05-01',84.732,25.8316),(246,'2011-06-01',27.0977,24.4374),(247,'2011-07-01',18.9236,23.8652),(248,'2011-08-01',23.6642,23.9092),(249,'2011-09-01',35.2312,24.8131),(250,'2011-10-01',93.8432,24.8914),(251,'2011-11-01',113.547,24.9862),(252,'2011-12-01',42.9499,25.0738),(253,'2012-01-01',46.5721,24.9748),(254,'2012-02-01',15.5346,25.9048),(255,'2012-03-01',23.3394,27.5007),(256,'2012-04-01',107.882,26.1119),(257,'2012-05-01',95.6116,25.5211),(258,'2012-06-01',38.07,24.1384),(259,'2012-07-01',26.9273,23.423),(260,'2012-08-01',36.3185,24.3426),(261,'2012-09-01',42.0646,25.22),(262,'2012-10-01',89.3439,25.7267),(263,'2012-11-01',124.175,25.4841),(264,'2012-12-01',110.374,24.5937),(265,'2013-01-01',42.9715,25.5601),(266,'2013-02-01',16.8768,26.66),(267,'2013-03-01',145.511,27.1454),(268,'2013-04-01',152.402,25.0039),(269,'2013-05-01',68.7326,25.5921),(270,'2013-06-01',27.0903,23.2803),(271,'2013-07-01',25.5887,23.7706),(272,'2013-08-01',51.8061,23.5732),(273,'2013-09-01',45.2457,25.195),(274,'2013-10-01',36.5215,25.2564),(275,'2013-11-01',84.2852,25.812),(276,'2013-12-01',72.66,25.3371),(277,'2014-01-01',20.1543,25.6409),(278,'2014-02-01',34.7628,26.6889),(279,'2014-03-01',60.4054,26.8922),(280,'2014-04-01',61.9105,25.4701),(281,'2014-05-01',66.4223,25.6096),(282,'2014-06-01',43.8258,25.0937),(283,'2014-07-01',27.0972,24.5677),(284,'2014-08-01',36.4492,23.8324),(285,'2014-09-01',47.0196,24.8383),(286,'2014-10-01',63.8456,25.4047),(287,'2014-11-01',102.131,25.4512),(288,'2014-12-01',50.6548,25.4477),(289,'2015-01-01',26.2482,25.0435),(290,'2015-02-01',21.8238,26.386),(291,'2015-03-01',48.4594,26.5572),(292,'2015-04-01',136.338,26.0706),(293,'2015-05-01',101.457,25.0663),(294,'2015-06-01',70.9284,24.5884),(295,'2015-07-01',20.7931,24.4622),(296,'2015-08-01',17.9734,24.3538),(297,'2015-09-01',36.7493,25.425),(298,'2015-10-01',64.3615,26.9733),(299,'2015-11-01',163.608,25.2908),(300,'2015-12-01',63.2356,26.2345),(301,'2016-01-01',56.7251,27.0367),(302,'2016-02-01',18.22,27.5964),(303,'2016-03-01',30.4865,27.7507),(304,'2016-04-01',166.705,26.9416),(305,'2016-05-01',70.6712,25.3344),(306,'2016-06-01',34.905,24.2913),(307,'2016-07-01',34.5489,24.256),(308,'2016-08-01',25.5342,24.0942),(309,'2016-09-01',15.1428,24.437),(310,'2016-10-01',40.0055,26.0317),(311,'2016-11-01',121.997,25.5692),(312,'2016-12-01',100.261,25.7401);
/*!40000 ALTER TABLE `dashapp_climate` ENABLE KEYS */;
UNLOCK TABLES;

--
-- Table structure for table `dashapp_commodity`
--

DROP TABLE IF EXISTS `dashapp_commodity`;
/*!40101 SET @saved_cs_client     = @@character_set_client */;
/*!50503 SET character_set_client = utf8mb4 */;
CREATE TABLE `dashapp_commodity` (
  `id` bigint NOT NULL AUTO_INCREMENT,
  `commodity_id` int NOT NULL,
  `name` varchar(255) NOT NULL,
  PRIMARY KEY (`id`)
) ENGINE=InnoDB AUTO_INCREMENT=7 DEFAULT CHARSET=utf8mb4 COLLATE=utf8mb4_0900_ai_ci;
/*!40101 SET character_set_client = @saved_cs_client */;

--
-- Dumping data for table `dashapp_commodity`
--

LOCK TABLES `dashapp_commodity` WRITE;
/*!40000 ALTER TABLE `dashapp_commodity` DISABLE KEYS */;
INSERT INTO `dashapp_commodity` VALUES (1,1,'maize'),(2,2,'millet'),(3,3,'rice'),(4,4,'sorghum'),(5,5,'wheat'),(6,6,'sweetpotatoes');
/*!40000 ALTER TABLE `dashapp_commodity` ENABLE KEYS */;
UNLOCK TABLES;

--
-- Table structure for table `dashapp_commodityprices`
--

DROP TABLE IF EXISTS `dashapp_commodityprices`;
/*!40101 SET @saved_cs_client     = @@character_set_client */;
/*!50503 SET character_set_client = utf8mb4 */;
CREATE TABLE `dashapp_commodityprices` (
  `id` bigint NOT NULL AUTO_INCREMENT,
  `unit_price` int NOT NULL,
  `date` date NOT NULL,
  `commodity_id` bigint NOT NULL,
  `county_id` int NOT NULL,
  PRIMARY KEY (`id`),
  KEY `dashapp_commoditypri_commodity_id_d4f7614e_fk_dashapp_c` (`commodity_id`),
  KEY `dashapp_commoditypri_county_id_230e89c5_fk_dashapp_c` (`county_id`),
  CONSTRAINT `dashapp_commoditypri_commodity_id_d4f7614e_fk_dashapp_c` FOREIGN KEY (`commodity_id`) REFERENCES `dashapp_commodity` (`id`),
  CONSTRAINT `dashapp_commoditypri_county_id_230e89c5_fk_dashapp_c` FOREIGN KEY (`county_id`) REFERENCES `dashapp_county` (`county_id`)
) ENGINE=InnoDB AUTO_INCREMENT=3009 DEFAULT CHARSET=utf8mb4 COLLATE=utf8mb4_0900_ai_ci;
/*!40101 SET character_set_client = @saved_cs_client */;

--
-- Dumping data for table `dashapp_commodityprices`
--

LOCK TABLES `dashapp_commodityprices` WRITE;
/*!40000 ALTER TABLE `dashapp_commodityprices` DISABLE KEYS */;
INSERT INTO `dashapp_commodityprices` VALUES (1,28,'2012-01-01',1,1),(2,37,'2012-02-01',1,1),(3,40,'2012-03-01',1,1),(4,42,'2012-04-01',1,1),(5,47,'2012-05-01',1,1),(6,46,'2012-06-01',1,1),(7,39,'2012-07-01',1,1),(8,41,'2012-08-01',1,1),(9,28,'2012-09-01',1,1),(10,39,'2012-10-01',1,1),(11,41,'2012-11-01',1,1),(12,40,'2012-12-01',1,1),(13,23,'2013-01-01',1,1),(14,30,'2013-02-01',1,1),(15,34,'2013-03-01',1,1),(16,40,'2013-04-01',1,1),(17,42,'2013-05-01',1,1),(18,38,'2013-06-01',1,1),(19,37,'2013-07-01',1,1),(20,36,'2013-08-01',1,1),(21,34,'2013-09-01',1,1),(22,37,'2013-10-01',1,1),(23,39,'2013-11-01',1,1),(24,37,'2013-12-01',1,1),(25,40,'2014-01-01',1,1),(26,42,'2014-02-01',1,1),(27,42,'2014-03-01',1,1),(28,41,'2014-04-01',1,1),(29,42,'2014-05-01',1,1),(30,41,'2014-06-01',1,1),(31,39,'2014-07-01',1,1),(32,39,'2014-08-01',1,1),(33,37,'2014-09-01',1,1),(34,37,'2014-10-01',1,1),(35,36,'2014-11-01',1,1),(36,31,'2014-12-01',1,1),(37,37,'2015-01-01',1,1),(38,37,'2015-02-01',1,1),(39,39,'2015-03-01',1,1),(40,45,'2015-04-01',1,1),(41,49,'2015-05-01',1,1),(42,46,'2015-06-01',1,1),(43,43,'2015-07-01',1,1),(44,41,'2015-08-01',1,1),(45,38,'2015-09-01',1,1),(46,37,'2015-10-01',1,1),(47,45,'2015-11-01',1,1),(48,38,'2015-12-01',1,1),(49,38,'2016-01-01',1,1),(50,36,'2016-02-01',1,1),(51,36,'2016-03-01',1,1),(52,38,'2016-04-01',1,1),(53,40,'2016-05-01',1,1),(54,40,'2016-06-01',1,1),(55,40,'2016-07-01',1,1),(56,38,'2016-08-01',1,1),(57,38,'2016-09-01',1,1),(58,40,'2016-10-01',1,1),(59,40,'2016-11-01',1,1),(60,34,'2016-12-01',1,1),(61,55,'2012-01-01',2,1),(62,56,'2012-02-01',2,1),(63,54,'2012-03-01',2,1),(64,55,'2012-04-01',2,1),(65,56,'2012-05-01',2,1),(66,65,'2012-06-01',2,1),(67,70,'2012-07-01',2,1),(68,80,'2012-08-01',2,1),(69,55,'2012-09-01',2,1),(70,73,'2012-10-01',2,1),(71,73,'2012-11-01',2,1),(72,73,'2012-12-01',2,1),(73,32,'2013-01-01',2,1),(74,53,'2013-02-01',2,1),(75,84,'2013-03-01',2,1),(76,88,'2013-04-01',2,1),(77,100,'2013-05-01',2,1),(78,96,'2013-06-01',2,1),(79,90,'2013-07-01',2,1),(80,90,'2013-08-01',2,1),(81,90,'2013-09-01',2,1),(82,90,'2013-10-01',2,1),(83,87,'2013-11-01',2,1),(84,86,'2013-12-01',2,1),(85,85,'2014-01-01',2,1),(86,86,'2014-02-01',2,1),(87,89,'2014-03-01',2,1),(88,89,'2014-04-01',2,1),(89,90,'2014-05-01',2,1),(90,90,'2014-06-01',2,1),(91,90,'2014-07-01',2,1),(92,90,'2014-08-01',2,1),(93,90,'2014-09-01',2,1),(94,90,'2014-10-01',2,1),(95,86,'2014-11-01',2,1),(96,72,'2014-12-01',2,1),(97,81,'2015-01-01',2,1),(98,81,'2015-02-01',2,1),(99,88,'2015-03-01',2,1),(100,88,'2015-04-01',2,1),(101,90,'2015-05-01',2,1),(102,90,'2015-06-01',2,1),(103,83,'2015-07-01',2,1),(104,80,'2015-08-01',2,1),(105,80,'2015-09-01',2,1),(106,82,'2015-10-01',2,1),(107,88,'2015-11-01',2,1),(108,70,'2015-12-01',2,1),(109,71,'2016-01-01',2,1),(110,70,'2016-02-01',2,1),(111,70,'2016-03-01',2,1),(112,70,'2016-04-01',2,1),(113,70,'2016-05-01',2,1),(114,70,'2016-06-01',2,1),(115,70,'2016-07-01',2,1),(116,71,'2016-08-01',2,1),(117,71,'2016-09-01',2,1),(118,70,'2016-10-01',2,1),(119,70,'2016-11-01',2,1),(120,73,'2016-12-01',2,1),(121,45,'2012-01-01',4,1),(122,44,'2012-02-01',4,1),(123,35,'2012-03-01',4,1),(124,30,'2012-04-01',4,1),(125,31,'2012-05-01',4,1),(126,37,'2012-06-01',4,1),(127,44,'2012-07-01',4,1),(128,38,'2012-08-01',4,1),(129,41,'2012-09-01',4,1),(130,45,'2012-10-01',4,1),(131,41,'2012-11-01',4,1),(132,37,'2012-12-01',4,1),(133,25,'2013-01-01',4,1),(134,33,'2013-02-01',4,1),(135,38,'2013-03-01',4,1),(136,35,'2013-04-01',4,1),(137,45,'2013-05-01',4,1),(138,50,'2013-06-01',4,1),(139,49,'2013-07-01',4,1),(140,45,'2013-08-01',4,1),(141,45,'2013-09-01',4,1),(142,40,'2013-10-01',4,1),(143,33,'2013-11-01',4,1),(144,30,'2013-12-01',4,1),(145,35,'2014-01-01',4,1),(146,38,'2014-02-01',4,1),(147,33,'2014-03-01',4,1),(148,33,'2014-04-01',4,1),(149,40,'2014-05-01',4,1),(150,40,'2014-06-01',4,1),(151,40,'2014-07-01',4,1),(152,40,'2014-08-01',4,1),(153,39,'2014-09-01',4,1),(154,35,'2014-10-01',4,1),(155,67,'2014-11-01',4,1),(156,35,'2014-12-01',4,1),(157,38,'2015-01-01',4,1),(158,35,'2015-02-01',4,1),(159,30,'2015-03-01',4,1),(160,35,'2015-04-01',4,1),(161,40,'2015-05-01',4,1),(162,40,'2015-06-01',4,1),(163,40,'2015-07-01',4,1),(164,40,'2015-08-01',4,1),(165,40,'2015-09-01',4,1),(166,40,'2015-10-01',4,1),(167,35,'2015-11-01',4,1),(168,31,'2015-12-01',4,1),(169,30,'2016-01-01',4,1),(170,30,'2016-02-01',4,1),(171,30,'2016-03-01',4,1),(172,33,'2016-04-01',4,1),(173,32,'2016-05-01',4,1),(174,30,'2016-06-01',4,1),(175,31,'2016-07-01',4,1),(176,35,'2016-08-01',4,1),(177,35,'2016-09-01',4,1),(178,36,'2016-10-01',4,1),(179,36,'2016-11-01',4,1),(180,40,'2016-12-01',4,1),(181,48,'2015-10-01',5,1),(182,27,'2012-01-01',6,1),(183,27,'2012-02-01',6,1),(184,30,'2012-03-01',6,1),(185,33,'2012-04-01',6,1),(186,30,'2012-05-01',6,1),(187,31,'2012-06-01',6,1),(188,32,'2012-07-01',6,1),(189,32,'2012-08-01',6,1),(190,36,'2012-09-01',6,1),(191,28,'2012-10-01',6,1),(192,29,'2012-11-01',6,1),(193,32,'2012-12-01',6,1),(194,17,'2013-01-01',6,1),(195,24,'2013-02-01',6,1),(196,31,'2013-03-01',6,1),(197,31,'2013-04-01',6,1),(198,34,'2013-05-01',6,1),(199,18,'2013-06-01',6,1),(200,31,'2013-07-01',6,1),(201,31,'2013-08-01',6,1),(202,29,'2013-09-01',6,1),(203,29,'2013-10-01',6,1),(204,28,'2013-11-01',6,1),(205,27,'2013-12-01',6,1),(206,30,'2014-01-01',6,1),(207,28,'2014-02-01',6,1),(208,31,'2014-03-01',6,1),(209,30,'2014-04-01',6,1),(210,28,'2014-05-01',6,1),(211,27,'2014-06-01',6,1),(212,27,'2014-07-01',6,1),(213,28,'2014-08-01',6,1),(214,24,'2014-09-01',6,1),(215,28,'2014-10-01',6,1),(216,26,'2014-11-01',6,1),(217,26,'2014-12-01',6,1),(218,30,'2015-01-01',6,1),(219,30,'2015-02-01',6,1),(220,32,'2015-03-01',6,1),(221,32,'2015-04-01',6,1),(222,34,'2015-05-01',6,1),(223,32,'2015-06-01',6,1),(224,32,'2015-07-01',6,1),(225,31,'2015-08-01',6,1),(226,32,'2015-09-01',6,1),(227,29,'2015-10-01',6,1),(228,32,'2015-11-01',6,1),(229,30,'2015-12-01',6,1),(230,30,'2016-01-01',6,1),(231,30,'2016-02-01',6,1),(232,29,'2016-03-01',6,1),(233,30,'2016-04-01',6,1),(234,28,'2016-05-01',6,1),(235,29,'2016-06-01',6,1),(236,27,'2016-07-01',6,1),(237,24,'2016-08-01',6,1),(238,24,'2016-09-01',6,1),(239,28,'2016-10-01',6,1),(240,28,'2016-11-01',6,1),(241,29,'2016-12-01',6,1),(242,38,'2012-01-01',1,3),(243,37,'2012-02-01',1,3),(244,40,'2012-03-01',1,3),(245,40,'2012-04-01',1,3),(246,42,'2012-05-01',1,3),(247,45,'2012-06-01',1,3),(248,38,'2012-07-01',1,3),(249,33,'2012-08-01',1,3),(250,33,'2012-09-01',1,3),(251,31,'2012-10-01',1,3),(252,31,'2012-11-01',1,3),(253,31,'2012-12-01',1,3),(254,32,'2013-01-01',1,3),(255,33,'2013-02-01',1,3),(256,33,'2013-03-01',1,3),(257,36,'2013-04-01',1,3),(258,36,'2013-05-01',1,3),(259,35,'2013-06-01',1,3),(260,30,'2013-07-01',1,3),(261,33,'2013-08-01',1,3),(262,33,'2013-09-01',1,3),(263,31,'2013-10-01',1,3),(264,28,'2013-11-01',1,3),(265,29,'2013-12-01',1,3),(266,31,'2014-01-01',1,3),(267,32,'2014-02-01',1,3),(268,32,'2014-03-01',1,3),(269,32,'2014-04-01',1,3),(270,32,'2014-05-01',1,3),(271,33,'2014-06-01',1,3),(272,30,'2014-08-01',1,3),(273,26,'2014-09-01',1,3),(274,25,'2014-10-01',1,3),(275,26,'2015-04-01',1,3),(276,29,'2015-05-01',1,3),(277,30,'2015-06-01',1,3),(278,30,'2015-07-01',1,3),(279,30,'2015-08-01',1,3),(280,24,'2015-10-01',1,3),(281,26,'2015-11-01',1,3),(282,25,'2015-12-01',1,3),(283,25,'2016-01-01',1,3),(284,26,'2016-02-01',1,3),(285,25,'2016-03-01',1,3),(286,26,'2016-04-01',1,3),(287,28,'2016-05-01',1,3),(288,27,'2016-06-01',1,3),(289,27,'2016-07-01',1,3),(290,24,'2016-08-01',1,3),(291,24,'2016-09-01',1,3),(292,24,'2016-10-01',1,3),(293,24,'2016-11-01',1,3),(294,46,'2016-12-01',1,3),(295,80,'2012-01-01',2,3),(296,80,'2012-02-01',2,3),(297,73,'2012-03-01',2,3),(298,70,'2012-04-01',2,3),(299,77,'2012-05-01',2,3),(300,78,'2012-06-01',2,3),(301,76,'2012-07-01',2,3),(302,73,'2012-08-01',2,3),(303,72,'2012-09-01',2,3),(304,66,'2012-10-01',2,3),(305,65,'2012-11-01',2,3),(306,62,'2012-12-01',2,3),(307,65,'2013-01-01',2,3),(308,67,'2013-02-01',2,3),(309,67,'2013-03-01',2,3),(310,67,'2013-04-01',2,3),(311,67,'2013-05-01',2,3),(312,67,'2013-06-01',2,3),(313,70,'2013-07-01',2,3),(314,70,'2013-08-01',2,3),(315,70,'2013-09-01',2,3),(316,70,'2013-10-01',2,3),(317,70,'2013-11-01',2,3),(318,70,'2013-12-01',2,3),(319,70,'2014-01-01',2,3),(320,70,'2014-02-01',2,3),(321,70,'2014-03-01',2,3),(322,70,'2014-04-01',2,3),(323,70,'2014-05-01',2,3),(324,70,'2014-06-01',2,3),(325,70,'2014-08-01',2,3),(326,67,'2014-09-01',2,3),(327,67,'2014-10-01',2,3),(328,67,'2015-04-01',2,3),(329,67,'2015-05-01',2,3),(330,73,'2015-06-01',2,3),(331,67,'2015-07-01',2,3),(332,67,'2015-08-01',2,3),(333,67,'2015-10-01',2,3),(334,67,'2015-11-01',2,3),(335,78,'2015-12-01',2,3),(336,78,'2016-01-01',2,3),(337,78,'2016-02-01',2,3),(338,78,'2016-03-01',2,3),(339,75,'2016-04-01',2,3),(340,78,'2016-05-01',2,3),(341,83,'2016-06-01',2,3),(342,88,'2016-07-01',2,3),(343,98,'2016-08-01',2,3),(344,98,'2016-09-01',2,3),(345,90,'2016-10-01',2,3),(346,90,'2016-11-01',2,3),(347,74,'2016-12-01',2,3),(348,60,'2012-01-01',4,3),(349,60,'2012-02-01',4,3),(350,68,'2012-03-01',4,3),(351,70,'2012-04-01',4,3),(352,77,'2012-05-01',4,3),(353,78,'2012-06-01',4,3),(354,71,'2012-07-01',4,3),(355,70,'2012-08-01',4,3),(356,67,'2012-09-01',4,3),(357,50,'2012-10-01',4,3),(358,50,'2012-11-01',4,3),(359,48,'2012-12-01',4,3),(360,51,'2013-01-01',4,3),(361,60,'2013-02-01',4,3),(362,60,'2013-03-01',4,3),(363,60,'2013-04-01',4,3),(364,60,'2013-05-01',4,3),(365,60,'2013-06-01',4,3),(366,60,'2013-07-01',4,3),(367,60,'2013-08-01',4,3),(368,60,'2013-09-01',4,3),(369,60,'2013-10-01',4,3),(370,60,'2013-11-01',4,3),(371,60,'2013-12-01',4,3),(372,60,'2014-01-01',4,3),(373,60,'2014-02-01',4,3),(374,60,'2014-03-01',4,3),(375,60,'2014-04-01',4,3),(376,60,'2014-05-01',4,3),(377,60,'2014-06-01',4,3),(378,50,'2014-08-01',4,3),(379,50,'2014-09-01',4,3),(380,50,'2014-10-01',4,3),(381,50,'2015-04-01',4,3),(382,67,'2015-05-01',4,3),(383,64,'2015-06-01',4,3),(384,60,'2015-07-01',4,3),(385,60,'2015-08-01',4,3),(386,56,'2015-10-01',4,3),(387,50,'2015-11-01',4,3),(388,65,'2015-12-01',4,3),(389,67,'2016-01-01',4,3),(390,67,'2016-02-01',4,3),(391,67,'2016-03-01',4,3),(392,67,'2016-04-01',4,3),(393,67,'2016-05-01',4,3),(394,64,'2016-06-01',4,3),(395,65,'2016-07-01',4,3),(396,63,'2016-08-01',4,3),(397,63,'2016-09-01',4,3),(398,60,'2016-10-01',4,3),(399,60,'2016-11-01',4,3),(400,60,'2012-01-01',5,3),(401,60,'2012-02-01',5,3),(402,60,'2012-03-01',5,3),(403,60,'2012-04-01',5,3),(404,64,'2012-05-01',5,3),(405,67,'2012-06-01',5,3),(406,58,'2012-07-01',5,3),(407,56,'2012-08-01',5,3),(408,56,'2012-09-01',5,3),(409,56,'2012-10-01',5,3),(410,55,'2012-11-01',5,3),(411,50,'2012-12-01',5,3),(412,50,'2013-01-01',5,3),(413,51,'2013-02-01',5,3),(414,50,'2013-03-01',5,3),(415,50,'2013-04-01',5,3),(416,50,'2013-05-01',5,3),(417,51,'2013-06-01',5,3),(418,56,'2013-07-01',5,3),(419,56,'2013-08-01',5,3),(420,56,'2013-09-01',5,3),(421,56,'2013-10-01',5,3),(422,56,'2013-11-01',5,3),(423,56,'2013-12-01',5,3),(424,56,'2014-01-01',5,3),(425,58,'2014-02-01',5,3),(426,60,'2014-03-01',5,3),(427,60,'2014-04-01',5,3),(428,60,'2014-05-01',5,3),(429,60,'2014-06-01',5,3),(430,60,'2014-08-01',5,3),(431,56,'2014-09-01',5,3),(432,56,'2014-10-01',5,3),(433,56,'2015-04-01',5,3),(434,67,'2015-05-01',5,3),(435,60,'2015-06-01',5,3),(436,60,'2015-07-01',5,3),(437,60,'2015-08-01',5,3),(438,60,'2015-10-01',5,3),(439,56,'2015-11-01',5,3),(440,65,'2015-12-01',5,3),(441,67,'2016-01-01',5,3),(442,67,'2016-02-01',5,3),(443,67,'2016-03-01',5,3),(444,67,'2016-04-01',5,3),(445,67,'2016-05-01',5,3),(446,67,'2016-06-01',5,3),(447,67,'2016-07-01',5,3),(448,65,'2016-08-01',5,3),(449,65,'2016-09-01',5,3),(450,60,'2016-10-01',5,3),(451,60,'2016-11-01',5,3),(452,41,'2012-01-01',6,3),(453,43,'2012-02-01',6,3),(454,47,'2012-03-01',6,3),(455,40,'2012-04-01',6,3),(456,45,'2012-05-01',6,3),(457,42,'2012-06-01',6,3),(458,35,'2012-07-01',6,3),(459,50,'2012-08-01',6,3),(460,35,'2012-09-01',6,3),(461,35,'2012-10-01',6,3),(462,35,'2012-11-01',6,3),(463,35,'2012-12-01',6,3),(464,39,'2013-01-01',6,3),(465,41,'2013-02-01',6,3),(466,41,'2013-03-01',6,3),(467,42,'2013-04-01',6,3),(468,40,'2013-05-01',6,3),(469,15,'2013-06-01',6,3),(470,43,'2013-07-01',6,3),(471,42,'2013-08-01',6,3),(472,42,'2013-09-01',6,3),(473,43,'2013-10-01',6,3),(474,45,'2013-11-01',6,3),(475,47,'2013-12-01',6,3),(476,49,'2014-01-01',6,3),(477,50,'2014-02-01',6,3),(478,50,'2014-03-01',6,3),(479,48,'2014-04-01',6,3),(480,40,'2014-05-01',6,3),(481,40,'2014-06-01',6,3),(482,33,'2014-08-01',6,3),(483,31,'2014-09-01',6,3),(484,31,'2014-10-01',6,3),(485,41,'2015-04-01',6,3),(486,56,'2015-05-01',6,3),(487,56,'2015-06-01',6,3),(488,55,'2015-07-01',6,3),(489,51,'2015-08-01',6,3),(490,56,'2015-10-01',6,3),(491,41,'2015-11-01',6,3),(492,53,'2015-12-01',6,3),(493,51,'2016-01-01',6,3),(494,36,'2016-02-01',6,3),(495,36,'2016-03-01',6,3),(496,39,'2016-04-01',6,3),(497,39,'2016-05-01',6,3),(498,40,'2016-06-01',6,3),(499,38,'2016-07-01',6,3),(500,33,'2016-08-01',6,3),(501,33,'2016-09-01',6,3),(502,31,'2016-10-01',6,3),(503,31,'2016-11-01',6,3),(504,22,'2016-12-01',6,3),(505,32,'2012-01-01',1,6),(506,30,'2012-02-01',1,6),(507,33,'2012-04-01',1,6),(508,35,'2012-05-01',1,6),(509,50,'2012-01-01',2,6),(510,50,'2012-02-01',2,6),(511,50,'2012-04-01',2,6),(512,50,'2012-05-01',2,6),(513,52,'2012-01-01',4,6),(514,54,'2012-02-01',4,6),(515,40,'2012-04-01',4,6),(516,40,'2012-05-01',4,6),(517,67,'2012-01-01',5,6),(518,67,'2012-02-01',5,6),(519,55,'2012-04-01',5,6),(520,55,'2012-05-01',5,6),(521,24,'2012-01-01',6,6),(522,24,'2012-02-01',6,6),(523,24,'2012-04-01',6,6),(524,24,'2012-05-01',6,6),(525,46,'2012-06-01',1,7),(526,41,'2012-07-01',1,7),(527,41,'2012-08-01',1,7),(528,38,'2012-09-01',1,7),(529,45,'2012-10-01',1,7),(530,47,'2012-12-01',1,7),(531,43,'2013-02-01',1,7),(532,44,'2013-05-01',1,7),(533,44,'2013-06-01',1,7),(534,44,'2013-07-01',1,7),(535,44,'2014-09-01',1,7),(536,75,'2016-03-01',1,7),(537,66,'2016-07-01',1,7),(538,80,'2012-06-01',2,7),(539,71,'2012-07-01',2,7),(540,71,'2012-08-01',2,7),(541,64,'2012-09-01',2,7),(542,80,'2012-10-01',2,7),(543,80,'2012-12-01',2,7),(544,81,'2013-02-01',2,7),(545,81,'2013-05-01',2,7),(546,81,'2013-06-01',2,7),(547,81,'2013-07-01',2,7),(548,69,'2014-09-01',2,7),(549,80,'2016-03-01',2,7),(550,80,'2016-07-01',2,7),(551,40,'2012-06-01',4,7),(552,71,'2012-07-01',4,7),(553,62,'2012-08-01',4,7),(554,47,'2012-09-01',4,7),(555,71,'2012-10-01',4,7),(556,72,'2012-12-01',4,7),(557,73,'2013-02-01',4,7),(558,39,'2013-05-01',4,7),(559,39,'2013-06-01',4,7),(560,39,'2013-07-01',4,7),(561,69,'2014-09-01',4,7),(562,80,'2016-03-01',4,7),(563,80,'2016-07-01',4,7),(564,33,'2012-09-01',5,7),(565,60,'2012-10-01',5,7),(566,61,'2012-12-01',5,7),(567,61,'2013-02-01',5,7),(568,61,'2013-05-01',5,7),(569,61,'2013-07-01',5,7),(570,44,'2014-09-01',5,7),(571,80,'2016-03-01',5,7),(572,80,'2016-07-01',5,7),(573,73,'2012-06-01',6,7),(574,82,'2012-12-01',6,7),(575,83,'2013-02-01',6,7),(576,83,'2013-05-01',6,7),(577,26,'2013-06-01',6,7),(578,83,'2013-07-01',6,7),(579,82,'2014-09-01',6,7),(580,34,'2016-03-01',6,7),(581,100,'2016-07-01',6,7),(582,33,'2012-04-01',1,11),(583,33,'2012-05-01',1,11),(584,37,'2012-10-01',1,11),(585,35,'2013-02-01',1,11),(586,35,'2015-06-01',1,11),(587,33,'2016-05-01',1,11),(588,31,'2016-08-01',1,11),(589,31,'2016-09-01',1,11),(590,70,'2012-04-01',2,11),(591,70,'2012-05-01',2,11),(592,100,'2012-10-01',2,11),(593,78,'2013-02-01',2,11),(594,95,'2015-06-01',2,11),(595,100,'2016-05-01',2,11),(596,100,'2016-08-01',2,11),(597,100,'2016-09-01',2,11),(598,50,'2012-04-01',4,11),(599,50,'2012-05-01',4,11),(600,40,'2012-10-01',4,11),(601,28,'2013-02-01',4,11),(602,45,'2015-06-01',4,11),(603,50,'2016-05-01',4,11),(604,50,'2016-08-01',4,11),(605,50,'2016-09-01',4,11),(606,40,'2012-04-01',5,11),(607,40,'2012-05-01',5,11),(608,40,'2012-10-01',5,11),(609,50,'2013-02-01',5,11),(610,44,'2015-06-01',5,11),(611,49,'2016-05-01',5,11),(612,50,'2016-08-01',5,11),(613,50,'2016-09-01',5,11),(614,20,'2012-04-01',6,11),(615,20,'2012-05-01',6,11),(616,20,'2012-10-01',6,11),(617,15,'2013-02-01',6,11),(618,21,'2015-06-01',6,11),(619,26,'2016-05-01',6,11),(620,26,'2016-08-01',6,11),(621,26,'2016-09-01',6,11),(622,32,'2012-01-01',1,12),(623,30,'2012-02-01',1,12),(624,35,'2012-03-01',1,12),(625,25,'2012-04-01',1,12),(626,33,'2012-05-01',1,12),(627,40,'2013-01-01',1,12),(628,36,'2013-02-01',1,12),(629,20,'2013-06-01',1,12),(630,26,'2016-08-01',1,12),(631,26,'2016-09-01',1,12),(632,100,'2012-01-01',2,12),(633,70,'2012-02-01',2,12),(634,78,'2012-03-01',2,12),(635,78,'2012-04-01',2,12),(636,78,'2012-05-01',2,12),(637,89,'2013-01-01',2,12),(638,89,'2013-02-01',2,12),(639,100,'2016-08-01',2,12),(640,100,'2016-09-01',2,12),(641,33,'2012-01-01',4,12),(642,34,'2012-02-01',4,12),(643,27,'2012-03-01',4,12),(644,27,'2012-04-01',4,12),(645,27,'2012-05-01',4,12),(646,20,'2013-01-01',4,12),(647,27,'2013-02-01',4,12),(648,20,'2013-06-01',4,12),(649,52,'2016-08-01',4,12),(650,52,'2016-09-01',4,12),(651,56,'2012-01-01',5,12),(652,37,'2012-02-01',5,12),(653,28,'2012-03-01',5,12),(654,28,'2012-04-01',5,12),(655,28,'2012-05-01',5,12),(656,40,'2013-01-01',5,12),(657,40,'2013-02-01',5,12),(658,70,'2013-06-01',5,12),(659,20,'2012-01-01',6,12),(660,17,'2012-02-01',6,12),(661,20,'2012-03-01',6,12),(662,20,'2012-04-01',6,12),(663,20,'2012-05-01',6,12),(664,23,'2013-01-01',6,12),(665,23,'2013-02-01',6,12),(666,19,'2013-06-01',6,12),(667,26,'2016-08-01',6,12),(668,26,'2016-09-01',6,12),(669,23,'2012-01-01',1,14),(670,23,'2012-09-01',1,14),(671,25,'2012-10-01',1,14),(672,24,'2012-11-01',1,14),(673,25,'2012-12-01',1,14),(674,22,'2013-01-01',1,14),(675,22,'2013-02-01',1,14),(676,22,'2013-03-01',1,14),(677,19,'2013-04-01',1,14),(678,34,'2013-05-01',1,14),(679,31,'2013-06-01',1,14),(680,31,'2013-07-01',1,14),(681,32,'2013-08-01',1,14),(682,33,'2013-09-01',1,14),(683,32,'2013-10-01',1,14),(684,30,'2013-11-01',1,14),(685,29,'2013-12-01',1,14),(686,29,'2014-01-01',1,14),(687,26,'2014-02-01',1,14),(688,27,'2014-03-01',1,14),(689,27,'2014-04-01',1,14),(690,29,'2014-05-01',1,14),(691,28,'2014-06-01',1,14),(692,24,'2014-07-01',1,14),(693,26,'2014-08-01',1,14),(694,25,'2014-09-01',1,14),(695,27,'2014-10-01',1,14),(696,26,'2014-11-01',1,14),(697,25,'2014-12-01',1,14),(698,25,'2015-01-01',1,14),(699,23,'2015-02-01',1,14),(700,28,'2015-03-01',1,14),(701,31,'2015-04-01',1,14),(702,33,'2015-05-01',1,14),(703,31,'2015-06-01',1,14),(704,26,'2015-07-01',1,14),(705,23,'2015-08-01',1,14),(706,26,'2015-09-01',1,14),(707,28,'2015-10-01',1,14),(708,31,'2015-11-01',1,14),(709,24,'2016-01-01',1,14),(710,24,'2016-02-01',1,14),(711,24,'2016-03-01',1,14),(712,22,'2016-04-01',1,14),(713,24,'2016-05-01',1,14),(714,27,'2016-06-01',1,14),(715,25,'2016-07-01',1,14),(716,27,'2016-08-01',1,14),(717,27,'2016-09-01',1,14),(718,33,'2016-10-01',1,14),(719,33,'2016-11-01',1,14),(720,25,'2016-12-01',1,14),(721,67,'2012-01-01',2,14),(722,62,'2012-09-01',2,14),(723,67,'2012-10-01',2,14),(724,61,'2012-11-01',2,14),(725,58,'2012-12-01',2,14),(726,58,'2013-01-01',2,14),(727,54,'2013-02-01',2,14),(728,52,'2013-03-01',2,14),(729,50,'2013-04-01',2,14),(730,66,'2013-05-01',2,14),(731,64,'2013-06-01',2,14),(732,60,'2013-07-01',2,14),(733,53,'2013-08-01',2,14),(734,57,'2013-09-01',2,14),(735,67,'2013-10-01',2,14),(736,58,'2013-11-01',2,14),(737,67,'2013-12-01',2,14),(738,67,'2014-01-01',2,14),(739,67,'2014-02-01',2,14),(740,67,'2014-03-01',2,14),(741,67,'2014-04-01',2,14),(742,68,'2014-05-01',2,14),(743,69,'2014-06-01',2,14),(744,73,'2014-07-01',2,14),(745,81,'2014-08-01',2,14),(746,67,'2014-09-01',2,14),(747,67,'2014-10-01',2,14),(748,62,'2014-11-01',2,14),(749,62,'2014-12-01',2,14),(750,62,'2015-01-01',2,14),(751,62,'2015-02-01',2,14),(752,62,'2015-03-01',2,14),(753,62,'2015-04-01',2,14),(754,62,'2015-05-01',2,14),(755,64,'2015-06-01',2,14),(756,65,'2015-07-01',2,14),(757,67,'2015-08-01',2,14),(758,67,'2015-09-01',2,14),(759,67,'2015-10-01',2,14),(760,62,'2015-11-01',2,14),(761,56,'2016-01-01',2,14),(762,56,'2016-02-01',2,14),(763,56,'2016-03-01',2,14),(764,56,'2016-04-01',2,14),(765,57,'2016-05-01',2,14),(766,56,'2016-06-01',2,14),(767,56,'2016-07-01',2,14),(768,67,'2016-08-01',2,14),(769,67,'2016-09-01',2,14),(770,67,'2016-10-01',2,14),(771,67,'2016-11-01',2,14),(772,90,'2016-12-01',2,14),(773,45,'2012-01-01',4,14),(774,40,'2012-09-01',4,14),(775,40,'2012-10-01',4,14),(776,47,'2012-11-01',4,14),(777,53,'2012-12-01',4,14),(778,47,'2013-01-01',4,14),(779,30,'2013-02-01',4,14),(780,26,'2013-03-01',4,14),(781,22,'2013-04-01',4,14),(782,32,'2013-05-01',4,14),(783,29,'2013-06-01',4,14),(784,28,'2013-07-01',4,14),(785,32,'2013-08-01',4,14),(786,36,'2013-09-01',4,14),(787,38,'2013-10-01',4,14),(788,44,'2013-11-01',4,14),(789,44,'2013-12-01',4,14),(790,48,'2014-01-01',4,14),(791,43,'2014-02-01',4,14),(792,40,'2014-03-01',4,14),(793,41,'2014-04-01',4,14),(794,44,'2014-05-01',4,14),(795,40,'2014-06-01',4,14),(796,44,'2014-07-01',4,14),(797,53,'2014-08-01',4,14),(798,47,'2014-09-01',4,14),(799,44,'2014-10-01',4,14),(800,40,'2014-11-01',4,14),(801,41,'2014-12-01',4,14),(802,40,'2015-01-01',4,14),(803,40,'2015-02-01',4,14),(804,40,'2015-03-01',4,14),(805,40,'2015-04-01',4,14),(806,40,'2015-05-01',4,14),(807,41,'2015-06-01',4,14),(808,44,'2015-07-01',4,14),(809,38,'2015-08-01',4,14),(810,36,'2015-09-01',4,14),(811,38,'2015-10-01',4,14),(812,40,'2015-11-01',4,14),(813,45,'2016-01-01',4,14),(814,31,'2016-02-01',4,14),(815,26,'2016-03-01',4,14),(816,28,'2016-04-01',4,14),(817,29,'2016-05-01',4,14),(818,31,'2016-06-01',4,14),(819,44,'2016-07-01',4,14),(820,44,'2016-08-01',4,14),(821,44,'2016-09-01',4,14),(822,45,'2016-10-01',4,14),(823,45,'2016-11-01',4,14),(824,60,'2016-12-01',4,14),(825,44,'2012-12-01',5,14),(826,44,'2013-01-01',5,14),(827,44,'2013-02-01',5,14),(828,51,'2013-03-01',5,14),(829,51,'2013-04-01',5,14),(830,54,'2013-05-01',5,14),(831,56,'2013-06-01',5,14),(832,47,'2013-07-01',5,14),(833,38,'2013-08-01',5,14),(834,39,'2013-09-01',5,14),(835,33,'2013-10-01',5,14),(836,35,'2013-11-01',5,14),(837,36,'2013-12-01',5,14),(838,53,'2014-12-01',5,14),(839,53,'2015-01-01',5,14),(840,53,'2015-02-01',5,14),(841,52,'2015-03-01',5,14),(842,53,'2015-04-01',5,14),(843,53,'2015-05-01',5,14),(844,53,'2015-06-01',5,14),(845,53,'2015-07-01',5,14),(846,53,'2015-08-01',5,14),(847,53,'2015-09-01',5,14),(848,54,'2015-10-01',5,14),(849,53,'2015-11-01',5,14),(850,45,'2016-01-01',5,14),(851,39,'2016-02-01',5,14),(852,67,'2016-04-01',5,14),(853,44,'2016-06-01',5,14),(854,44,'2016-07-01',5,14),(855,54,'2016-08-01',5,14),(856,54,'2016-09-01',5,14),(857,50,'2016-10-01',5,14),(858,50,'2016-11-01',5,14),(859,60,'2016-12-01',5,14),(860,23,'2012-01-01',6,14),(861,18,'2012-09-01',6,14),(862,20,'2012-10-01',6,14),(863,21,'2012-11-01',6,14),(864,26,'2012-12-01',6,14),(865,27,'2013-01-01',6,14),(866,24,'2013-02-01',6,14),(867,20,'2013-03-01',6,14),(868,18,'2013-04-01',6,14),(869,37,'2013-05-01',6,14),(870,83,'2013-06-01',6,14),(871,25,'2013-07-01',6,14),(872,20,'2013-08-01',6,14),(873,18,'2013-09-01',6,14),(874,18,'2013-10-01',6,14),(875,18,'2013-11-01',6,14),(876,18,'2013-12-01',6,14),(877,24,'2014-01-01',6,14),(878,20,'2014-02-01',6,14),(879,22,'2014-03-01',6,14),(880,24,'2014-04-01',6,14),(881,23,'2014-05-01',6,14),(882,20,'2014-06-01',6,14),(883,20,'2014-07-01',6,14),(884,21,'2014-08-01',6,14),(885,20,'2014-09-01',6,14),(886,24,'2014-10-01',6,14),(887,27,'2014-11-01',6,14),(888,27,'2014-12-01',6,14),(889,25,'2015-01-01',6,14),(890,25,'2015-02-01',6,14),(891,26,'2015-03-01',6,14),(892,27,'2015-04-01',6,14),(893,29,'2015-05-01',6,14),(894,28,'2015-06-01',6,14),(895,29,'2015-07-01',6,14),(896,29,'2015-08-01',6,14),(897,23,'2015-09-01',6,14),(898,21,'2015-10-01',6,14),(899,27,'2015-11-01',6,14),(900,25,'2016-01-01',6,14),(901,26,'2016-02-01',6,14),(902,22,'2016-03-01',6,14),(903,22,'2016-04-01',6,14),(904,25,'2016-05-01',6,14),(905,31,'2016-06-01',6,14),(906,31,'2016-07-01',6,14),(907,22,'2016-08-01',6,14),(908,22,'2016-09-01',6,14),(909,22,'2016-10-01',6,14),(910,22,'2016-11-01',6,14),(911,31,'2016-12-01',6,14),(912,29,'2012-01-01',1,15),(913,25,'2012-02-01',1,15),(914,24,'2012-03-01',1,15),(915,24,'2012-04-01',1,15),(916,26,'2012-05-01',1,15),(917,29,'2012-06-01',1,15),(918,30,'2012-07-01',1,15),(919,30,'2012-08-01',1,15),(920,31,'2012-09-01',1,15),(921,30,'2012-10-01',1,15),(922,29,'2012-11-01',1,15),(923,28,'2012-12-01',1,15),(924,26,'2013-01-01',1,15),(925,25,'2013-02-01',1,15),(926,24,'2013-03-01',1,15),(927,23,'2013-04-01',1,15),(928,24,'2013-05-01',1,15),(929,24,'2013-06-01',1,15),(930,24,'2013-07-01',1,15),(931,23,'2013-08-01',1,15),(932,26,'2013-10-01',1,15),(933,28,'2013-11-01',1,15),(934,26,'2014-01-01',1,15),(935,25,'2014-02-01',1,15),(936,26,'2014-03-01',1,15),(937,27,'2014-04-01',1,15),(938,26,'2014-05-01',1,15),(939,26,'2014-06-01',1,15),(940,25,'2014-07-01',1,15),(941,25,'2014-08-01',1,15),(942,24,'2014-09-01',1,15),(943,28,'2014-10-01',1,15),(944,26,'2014-11-01',1,15),(945,26,'2015-01-01',1,15),(946,23,'2015-03-01',1,15),(947,28,'2015-08-01',1,15),(948,30,'2015-09-01',1,15),(949,28,'2015-10-01',1,15),(950,24,'2016-02-01',1,15),(951,22,'2016-03-01',1,15),(952,23,'2016-04-01',1,15),(953,24,'2016-05-01',1,15),(954,23,'2016-06-01',1,15),(955,24,'2016-07-01',1,15),(956,25,'2016-08-01',1,15),(957,25,'2016-09-01',1,15),(958,28,'2016-10-01',1,15),(959,28,'2016-11-01',1,15),(960,30,'2016-12-01',1,15),(961,67,'2012-01-01',2,15),(962,48,'2012-02-01',2,15),(963,50,'2012-03-01',2,15),(964,50,'2012-04-01',2,15),(965,50,'2012-05-01',2,15),(966,54,'2012-06-01',2,15),(967,66,'2012-07-01',2,15),(968,76,'2012-08-01',2,15),(969,76,'2012-09-01',2,15),(970,53,'2012-10-01',2,15),(971,87,'2012-11-01',2,15),(972,87,'2012-12-01',2,15),(973,87,'2013-01-01',2,15),(974,84,'2013-02-01',2,15),(975,84,'2013-03-01',2,15),(976,76,'2013-04-01',2,15),(977,76,'2013-05-01',2,15),(978,76,'2013-06-01',2,15),(979,76,'2013-07-01',2,15),(980,50,'2013-08-01',2,15),(981,84,'2013-10-01',2,15),(982,87,'2013-11-01',2,15),(983,76,'2014-01-01',2,15),(984,82,'2014-02-01',2,15),(985,81,'2014-03-01',2,15),(986,83,'2014-04-01',2,15),(987,76,'2014-05-01',2,15),(988,76,'2014-06-01',2,15),(989,90,'2014-07-01',2,15),(990,97,'2014-08-01',2,15),(991,99,'2014-09-01',2,15),(992,99,'2014-10-01',2,15),(993,99,'2014-11-01',2,15),(994,99,'2015-01-01',2,15),(995,76,'2015-03-01',2,15),(996,90,'2015-08-01',2,15),(997,90,'2015-09-01',2,15),(998,90,'2015-10-01',2,15),(999,80,'2016-02-01',2,15),(1000,80,'2016-03-01',2,15),(1001,80,'2016-04-01',2,15),(1002,80,'2016-05-01',2,15),(1003,65,'2016-06-01',2,15),(1004,80,'2016-07-01',2,15),(1005,80,'2016-08-01',2,15),(1006,80,'2016-09-01',2,15),(1007,80,'2016-10-01',2,15),(1008,80,'2016-11-01',2,15),(1009,29,'2012-02-01',4,15),(1010,30,'2012-03-01',4,15),(1011,30,'2012-04-01',4,15),(1012,30,'2012-05-01',4,15),(1013,37,'2012-06-01',4,15),(1014,45,'2012-07-01',4,15),(1015,50,'2012-08-01',4,15),(1016,50,'2012-09-01',4,15),(1017,50,'2012-10-01',4,15),(1018,50,'2012-11-01',4,15),(1019,50,'2012-12-01',4,15),(1020,50,'2013-01-01',4,15),(1021,46,'2013-02-01',4,15),(1022,41,'2013-03-01',4,15),(1023,40,'2013-04-01',4,15),(1024,24,'2013-05-01',4,15),(1025,24,'2013-06-01',4,15),(1026,24,'2013-07-01',4,15),(1027,24,'2013-08-01',4,15),(1028,39,'2013-10-01',4,15),(1029,40,'2013-11-01',4,15),(1030,40,'2014-01-01',4,15),(1031,40,'2014-02-01',4,15),(1032,40,'2014-03-01',4,15),(1033,40,'2014-04-01',4,15),(1034,40,'2014-05-01',4,15),(1035,40,'2014-06-01',4,15),(1036,40,'2014-07-01',4,15),(1037,40,'2014-08-01',4,15),(1038,40,'2014-09-01',4,15),(1039,47,'2014-10-01',4,15),(1040,50,'2014-11-01',4,15),(1041,50,'2015-01-01',4,15),(1042,45,'2015-03-01',4,15),(1043,51,'2015-08-01',4,15),(1044,56,'2015-09-01',4,15),(1045,50,'2015-10-01',4,15),(1046,45,'2016-02-01',4,15),(1047,40,'2016-03-01',4,15),(1048,40,'2016-04-01',4,15),(1049,40,'2016-05-01',4,15),(1050,50,'2016-06-01',4,15),(1051,45,'2016-07-01',4,15),(1052,50,'2016-08-01',4,15),(1053,50,'2016-09-01',4,15),(1054,50,'2016-10-01',4,15),(1055,50,'2016-11-01',4,15),(1056,32,'2012-02-01',5,15),(1057,40,'2016-04-01',5,15),(1058,40,'2016-05-01',5,15),(1059,46,'2012-01-01',6,15),(1060,51,'2012-02-01',6,15),(1061,51,'2012-03-01',6,15),(1062,51,'2012-04-01',6,15),(1063,46,'2012-05-01',6,15),(1064,49,'2012-06-01',6,15),(1065,51,'2012-07-01',6,15),(1066,51,'2012-08-01',6,15),(1067,51,'2012-09-01',6,15),(1068,51,'2012-10-01',6,15),(1069,48,'2012-11-01',6,15),(1070,46,'2012-12-01',6,15),(1071,46,'2013-01-01',6,15),(1072,138,'2013-02-01',6,15),(1073,46,'2013-03-01',6,15),(1074,46,'2013-04-01',6,15),(1075,46,'2013-05-01',6,15),(1076,23,'2013-06-01',6,15),(1077,46,'2013-07-01',6,15),(1078,36,'2014-01-01',6,15),(1079,48,'2014-02-01',6,15),(1080,51,'2014-03-01',6,15),(1081,51,'2014-04-01',6,15),(1082,51,'2014-05-01',6,15),(1083,48,'2014-06-01',6,15),(1084,51,'2014-07-01',6,15),(1085,51,'2014-08-01',6,15),(1086,51,'2014-09-01',6,15),(1087,51,'2014-10-01',6,15),(1088,61,'2014-11-01',6,15),(1089,51,'2015-01-01',6,15),(1090,51,'2015-03-01',6,15),(1091,51,'2015-08-01',6,15),(1092,46,'2015-09-01',6,15),(1093,43,'2015-10-01',6,15),(1094,46,'2016-02-01',6,15),(1095,46,'2016-03-01',6,15),(1096,46,'2016-04-01',6,15),(1097,46,'2016-05-01',6,15),(1098,46,'2016-06-01',6,15),(1099,46,'2016-07-01',6,15),(1100,35,'2016-08-01',6,15),(1101,35,'2016-09-01',6,15),(1102,35,'2016-10-01',6,15),(1103,35,'2016-11-01',6,15),(1104,31,'2016-12-01',6,15),(1105,28,'2012-01-01',1,16),(1106,27,'2012-02-01',1,16),(1107,27,'2012-03-01',1,16),(1108,36,'2012-05-01',1,16),(1109,62,'2012-01-01',6,16),(1110,62,'2012-02-01',6,16),(1111,57,'2012-03-01',6,16),(1112,35,'2012-06-01',1,17),(1113,30,'2016-03-01',1,17),(1114,70,'2012-06-01',2,17),(1115,60,'2016-03-01',2,17),(1116,50,'2012-06-01',4,17),(1117,30,'2016-03-01',4,17),(1118,50,'2012-06-01',5,17),(1119,46,'2012-06-01',6,17),(1120,31,'2016-03-01',6,17),(1121,36,'2012-01-01',1,19),(1122,31,'2012-02-01',1,19),(1123,29,'2012-03-01',1,19),(1124,35,'2012-04-01',1,19),(1125,37,'2012-05-01',1,19),(1126,33,'2012-06-01',1,19),(1127,32,'2012-07-01',1,19),(1128,29,'2012-08-01',1,19),(1129,20,'2012-12-01',1,19),(1130,23,'2016-05-01',1,19),(1131,47,'2012-01-01',2,19),(1132,67,'2012-02-01',2,19),(1133,67,'2012-03-01',2,19),(1134,67,'2012-04-01',2,19),(1135,67,'2012-05-01',2,19),(1136,67,'2012-06-01',2,19),(1137,67,'2012-07-01',2,19),(1138,67,'2012-08-01',2,19),(1139,67,'2012-12-01',2,19),(1140,56,'2016-05-01',2,19),(1141,56,'2012-01-01',4,19),(1142,44,'2012-02-01',4,19),(1143,44,'2012-03-01',4,19),(1144,44,'2012-04-01',4,19),(1145,44,'2012-05-01',4,19),(1146,44,'2012-06-01',4,19),(1147,44,'2012-07-01',4,19),(1148,44,'2012-08-01',4,19),(1149,33,'2012-12-01',4,19),(1150,44,'2016-05-01',4,19),(1151,44,'2012-01-01',5,19),(1152,49,'2012-02-01',5,19),(1153,49,'2012-03-01',5,19),(1154,42,'2012-04-01',5,19),(1155,42,'2012-05-01',5,19),(1156,44,'2012-06-01',5,19),(1157,44,'2012-07-01',5,19),(1158,44,'2012-08-01',5,19),(1159,39,'2012-12-01',5,19),(1160,37,'2016-05-01',5,19),(1161,41,'2012-01-01',6,19),(1162,43,'2012-02-01',6,19),(1163,49,'2012-03-01',6,19),(1164,49,'2012-04-01',6,19),(1165,49,'2012-05-01',6,19),(1166,61,'2012-06-01',6,19),(1167,61,'2012-07-01',6,19),(1168,56,'2012-08-01',6,19),(1169,39,'2012-12-01',6,19),(1170,41,'2016-05-01',6,19),(1171,22,'2012-01-01',1,22),(1172,22,'2012-02-01',1,22),(1173,24,'2012-04-01',1,22),(1174,40,'2012-01-01',2,22),(1175,33,'2012-01-01',4,22),(1176,56,'2012-01-01',6,22),(1177,44,'2012-02-01',6,22),(1178,66,'2012-04-01',6,22),(1179,19,'2012-01-01',1,26),(1180,21,'2012-02-01',1,26),(1181,23,'2012-03-01',1,26),(1182,25,'2012-04-01',1,26),(1183,27,'2012-05-01',1,26),(1184,25,'2012-06-01',1,26),(1185,24,'2012-07-01',1,26),(1186,21,'2012-08-01',1,26),(1187,17,'2012-09-01',1,26),(1188,17,'2012-10-01',1,26),(1189,16,'2012-11-01',1,26),(1190,18,'2012-12-01',1,26),(1191,20,'2013-01-01',1,26),(1192,22,'2013-02-01',1,26),(1193,24,'2013-03-01',1,26),(1194,25,'2013-04-01',1,26),(1195,21,'2013-05-01',1,26),(1196,18,'2013-06-01',1,26),(1197,18,'2013-07-01',1,26),(1198,18,'2013-08-01',1,26),(1199,19,'2013-09-01',1,26),(1200,20,'2013-10-01',1,26),(1201,20,'2013-11-01',1,26),(1202,21,'2013-12-01',1,26),(1203,22,'2014-01-01',1,26),(1204,22,'2014-02-01',1,26),(1205,25,'2014-03-01',1,26),(1206,25,'2014-04-01',1,26),(1207,25,'2014-05-01',1,26),(1208,24,'2014-06-01',1,26),(1209,22,'2014-07-01',1,26),(1210,19,'2014-08-01',1,26),(1211,18,'2014-09-01',1,26),(1212,17,'2014-10-01',1,26),(1213,17,'2014-11-01',1,26),(1214,22,'2015-01-01',1,26),(1215,21,'2015-02-01',1,26),(1216,20,'2015-03-01',1,26),(1217,26,'2015-04-01',1,26),(1218,24,'2015-10-01',1,26),(1219,26,'2015-11-01',1,26),(1220,29,'2016-02-01',1,26),(1221,23,'2016-03-01',1,26),(1222,23,'2016-04-01',1,26),(1223,24,'2016-05-01',1,26),(1224,21,'2016-06-01',1,26),(1225,22,'2016-07-01',1,26),(1226,21,'2016-08-01',1,26),(1227,21,'2016-09-01',1,26),(1228,20,'2016-10-01',1,26),(1229,20,'2016-11-01',1,26),(1230,22,'2016-12-01',1,26),(1231,49,'2012-01-01',2,26),(1232,50,'2012-02-01',2,26),(1233,50,'2012-03-01',2,26),(1234,50,'2012-04-01',2,26),(1235,64,'2012-05-01',2,26),(1236,62,'2012-06-01',2,26),(1237,64,'2012-07-01',2,26),(1238,63,'2012-08-01',2,26),(1239,45,'2012-09-01',2,26),(1240,43,'2012-10-01',2,26),(1241,87,'2012-11-01',2,26),(1242,50,'2012-12-01',2,26),(1243,52,'2013-01-01',2,26),(1244,51,'2013-02-01',2,26),(1245,53,'2013-03-01',2,26),(1246,57,'2013-04-01',2,26),(1247,62,'2013-05-01',2,26),(1248,54,'2013-06-01',2,26),(1249,52,'2013-07-01',2,26),(1250,52,'2013-08-01',2,26),(1251,47,'2013-09-01',2,26),(1252,52,'2013-10-01',2,26),(1253,55,'2013-11-01',2,26),(1254,53,'2013-12-01',2,26),(1255,58,'2014-01-01',2,26),(1256,60,'2014-02-01',2,26),(1257,60,'2014-03-01',2,26),(1258,60,'2014-04-01',2,26),(1259,69,'2014-05-01',2,26),(1260,74,'2014-06-01',2,26),(1261,74,'2014-07-01',2,26),(1262,60,'2014-08-01',2,26),(1263,56,'2014-09-01',2,26),(1264,54,'2014-10-01',2,26),(1265,51,'2014-11-01',2,26),(1266,47,'2015-01-01',2,26),(1267,50,'2015-02-01',2,26),(1268,50,'2015-03-01',2,26),(1269,50,'2015-04-01',2,26),(1270,56,'2015-10-01',2,26),(1271,50,'2015-11-01',2,26),(1272,50,'2016-02-01',2,26),(1273,50,'2016-03-01',2,26),(1274,50,'2016-04-01',2,26),(1275,56,'2016-05-01',2,26),(1276,56,'2016-06-01',2,26),(1277,56,'2016-07-01',2,26),(1278,50,'2016-08-01',2,26),(1279,50,'2016-09-01',2,26),(1280,52,'2016-10-01',2,26),(1281,52,'2016-11-01',2,26),(1282,51,'2016-12-01',2,26),(1283,31,'2012-01-01',4,26),(1284,39,'2012-02-01',4,26),(1285,30,'2012-03-01',4,26),(1286,40,'2012-04-01',4,26),(1287,42,'2012-05-01',4,26),(1288,41,'2012-06-01',4,26),(1289,40,'2012-07-01',4,26),(1290,28,'2012-08-01',4,26),(1291,28,'2012-09-01',4,26),(1292,30,'2012-10-01',4,26),(1293,29,'2012-11-01',4,26),(1294,20,'2012-12-01',4,26),(1295,23,'2013-01-01',4,26),(1296,20,'2013-02-01',4,26),(1297,28,'2013-03-01',4,26),(1298,31,'2013-04-01',4,26),(1299,33,'2013-05-01',4,26),(1300,31,'2013-06-01',4,26),(1301,23,'2013-07-01',4,26),(1302,24,'2013-08-01',4,26),(1303,22,'2013-09-01',4,26),(1304,20,'2013-10-01',4,26),(1305,29,'2013-11-01',4,26),(1306,30,'2013-12-01',4,26),(1307,31,'2014-01-01',4,26),(1308,40,'2014-02-01',4,26),(1309,40,'2014-03-01',4,26),(1310,40,'2014-04-01',4,26),(1311,40,'2014-05-01',4,26),(1312,36,'2014-06-01',4,26),(1313,33,'2014-07-01',4,26),(1314,40,'2014-08-01',4,26),(1315,35,'2014-09-01',4,26),(1316,30,'2014-10-01',4,26),(1317,30,'2014-11-01',4,26),(1318,27,'2015-01-01',4,26),(1319,33,'2015-02-01',4,26),(1320,30,'2015-03-01',4,26),(1321,40,'2015-04-01',4,26),(1322,30,'2015-10-01',4,26),(1323,40,'2015-11-01',4,26),(1324,30,'2016-02-01',4,26),(1325,38,'2016-03-01',4,26),(1326,40,'2016-04-01',4,26),(1327,40,'2016-05-01',4,26),(1328,40,'2016-06-01',4,26),(1329,40,'2016-07-01',4,26),(1330,30,'2016-08-01',4,26),(1331,30,'2016-09-01',4,26),(1332,30,'2016-10-01',4,26),(1333,30,'2016-11-01',4,26),(1334,30,'2016-12-01',4,26),(1335,43,'2012-01-01',5,26),(1336,34,'2012-02-01',5,26),(1337,34,'2012-03-01',5,26),(1338,40,'2012-04-01',5,26),(1339,40,'2012-05-01',5,26),(1340,40,'2012-06-01',5,26),(1341,40,'2012-07-01',5,26),(1342,40,'2012-08-01',5,26),(1343,40,'2012-09-01',5,26),(1344,41,'2012-10-01',5,26),(1345,40,'2012-11-01',5,26),(1346,40,'2013-01-01',5,26),(1347,40,'2013-02-01',5,26),(1348,48,'2013-03-01',5,26),(1349,50,'2013-04-01',5,26),(1350,50,'2013-05-01',5,26),(1351,36,'2013-07-01',5,26),(1352,36,'2013-08-01',5,26),(1353,31,'2013-09-01',5,26),(1354,31,'2013-10-01',5,26),(1355,33,'2013-11-01',5,26),(1356,40,'2013-12-01',5,26),(1357,40,'2014-01-01',5,26),(1358,40,'2014-02-01',5,26),(1359,47,'2014-03-01',5,26),(1360,47,'2014-04-01',5,26),(1361,40,'2014-05-01',5,26),(1362,40,'2014-06-01',5,26),(1363,48,'2014-10-01',5,26),(1364,40,'2014-11-01',5,26),(1365,36,'2015-01-01',5,26),(1366,40,'2015-02-01',5,26),(1367,40,'2015-03-01',5,26),(1368,40,'2015-04-01',5,26),(1369,33,'2015-10-01',5,26),(1370,40,'2015-11-01',5,26),(1371,33,'2016-02-01',5,26),(1372,36,'2016-03-01',5,26),(1373,40,'2016-04-01',5,26),(1374,40,'2016-05-01',5,26),(1375,40,'2016-06-01',5,26),(1376,40,'2016-07-01',5,26),(1377,40,'2016-08-01',5,26),(1378,40,'2016-09-01',5,26),(1379,40,'2016-10-01',5,26),(1380,40,'2016-11-01',5,26),(1381,40,'2016-12-01',5,26),(1382,18,'2012-01-01',6,26),(1383,14,'2012-02-01',6,26),(1384,14,'2012-03-01',6,26),(1385,23,'2012-04-01',6,26),(1386,26,'2012-05-01',6,26),(1387,24,'2012-06-01',6,26),(1388,23,'2012-07-01',6,26),(1389,23,'2012-08-01',6,26),(1390,19,'2012-09-01',6,26),(1391,21,'2012-10-01',6,26),(1392,19,'2012-11-01',6,26),(1393,19,'2012-12-01',6,26),(1394,16,'2013-01-01',6,26),(1395,10,'2013-02-01',6,26),(1396,7,'2013-03-01',6,26),(1397,11,'2013-04-01',6,26),(1398,15,'2013-05-01',6,26),(1399,41,'2013-06-01',6,26),(1400,15,'2013-07-01',6,26),(1401,14,'2013-08-01',6,26),(1402,18,'2013-09-01',6,26),(1403,18,'2013-10-01',6,26),(1404,17,'2013-11-01',6,26),(1405,17,'2013-12-01',6,26),(1406,15,'2014-01-01',6,26),(1407,11,'2014-02-01',6,26),(1408,12,'2014-03-01',6,26),(1409,12,'2014-04-01',6,26),(1410,18,'2014-05-01',6,26),(1411,23,'2014-06-01',6,26),(1412,24,'2014-07-01',6,26),(1413,23,'2014-08-01',6,26),(1414,19,'2014-09-01',6,26),(1415,18,'2014-10-01',6,26),(1416,19,'2014-11-01',6,26),(1417,14,'2015-01-01',6,26),(1418,17,'2015-02-01',6,26),(1419,18,'2015-03-01',6,26),(1420,18,'2015-04-01',6,26),(1421,18,'2015-10-01',6,26),(1422,18,'2015-11-01',6,26),(1423,18,'2016-02-01',6,26),(1424,18,'2016-03-01',6,26),(1425,19,'2016-04-01',6,26),(1426,19,'2016-05-01',6,26),(1427,20,'2016-06-01',6,26),(1428,23,'2016-07-01',6,26),(1429,24,'2016-08-01',6,26),(1430,24,'2016-09-01',6,26),(1431,23,'2016-10-01',6,26),(1432,23,'2016-11-01',6,26),(1433,23,'2016-12-01',6,26),(1434,26,'2012-01-01',1,27),(1435,26,'2012-02-01',1,27),(1436,23,'2012-03-01',1,27),(1437,26,'2012-04-01',1,27),(1438,32,'2012-05-01',1,27),(1439,24,'2012-06-01',1,27),(1440,22,'2012-07-01',1,27),(1441,23,'2012-08-01',1,27),(1442,23,'2012-09-01',1,27),(1443,21,'2012-10-01',1,27),(1444,20,'2012-11-01',1,27),(1445,22,'2012-12-01',1,27),(1446,21,'2013-01-01',1,27),(1447,21,'2013-02-01',1,27),(1448,23,'2013-03-01',1,27),(1449,27,'2013-04-01',1,27),(1450,31,'2013-05-01',1,27),(1451,25,'2013-06-01',1,27),(1452,21,'2013-07-01',1,27),(1453,20,'2013-08-01',1,27),(1454,19,'2013-09-01',1,27),(1455,19,'2013-10-01',1,27),(1456,22,'2013-11-01',1,27),(1457,21,'2013-12-01',1,27),(1458,22,'2014-01-01',1,27),(1459,23,'2014-02-01',1,27),(1460,24,'2014-03-01',1,27),(1461,24,'2014-04-01',1,27),(1462,25,'2014-05-01',1,27),(1463,24,'2014-06-01',1,27),(1464,25,'2014-07-01',1,27),(1465,22,'2014-08-01',1,27),(1466,20,'2014-09-01',1,27),(1467,19,'2014-10-01',1,27),(1468,16,'2014-11-01',1,27),(1469,16,'2014-12-01',1,27),(1470,17,'2015-01-01',1,27),(1471,19,'2015-02-01',1,27),(1472,21,'2015-03-01',1,27),(1473,22,'2015-04-01',1,27),(1474,21,'2015-05-01',1,27),(1475,20,'2015-06-01',1,27),(1476,19,'2015-07-01',1,27),(1477,19,'2015-08-01',1,27),(1478,18,'2015-09-01',1,27),(1479,20,'2015-10-01',1,27),(1480,22,'2015-11-01',1,27),(1481,16,'2015-12-01',1,27),(1482,18,'2016-01-01',1,27),(1483,19,'2016-02-01',1,27),(1484,20,'2016-03-01',1,27),(1485,21,'2016-04-01',1,27),(1486,19,'2016-05-01',1,27),(1487,20,'2016-06-01',1,27),(1488,20,'2016-07-01',1,27),(1489,21,'2016-08-01',1,27),(1490,21,'2016-09-01',1,27),(1491,21,'2016-10-01',1,27),(1492,21,'2016-11-01',1,27),(1493,21,'2016-12-01',1,27),(1494,70,'2012-01-01',2,27),(1495,70,'2012-02-01',2,27),(1496,70,'2012-03-01',2,27),(1497,70,'2012-04-01',2,27),(1498,70,'2012-05-01',2,27),(1499,75,'2012-06-01',2,27),(1500,67,'2012-07-01',2,27),(1501,79,'2012-08-01',2,27),(1502,80,'2012-09-01',2,27),(1503,79,'2012-10-01',2,27),(1504,80,'2012-11-01',2,27),(1505,80,'2012-12-01',2,27),(1506,77,'2013-01-01',2,27),(1507,73,'2013-02-01',2,27),(1508,75,'2013-03-01',2,27),(1509,75,'2013-04-01',2,27),(1510,78,'2013-05-01',2,27),(1511,69,'2013-06-01',2,27),(1512,65,'2013-07-01',2,27),(1513,65,'2013-08-01',2,27),(1514,65,'2013-09-01',2,27),(1515,84,'2013-10-01',2,27),(1516,85,'2013-11-01',2,27),(1517,85,'2013-12-01',2,27),(1518,85,'2014-01-01',2,27),(1519,76,'2014-02-01',2,27),(1520,75,'2014-03-01',2,27),(1521,76,'2014-04-01',2,27),(1522,83,'2014-05-01',2,27),(1523,85,'2014-06-01',2,27),(1524,85,'2014-07-01',2,27),(1525,85,'2014-08-01',2,27),(1526,85,'2014-09-01',2,27),(1527,83,'2014-10-01',2,27),(1528,74,'2014-11-01',2,27),(1529,76,'2014-12-01',2,27),(1530,80,'2015-01-01',2,27),(1531,80,'2015-02-01',2,27),(1532,80,'2015-03-01',2,27),(1533,76,'2015-04-01',2,27),(1534,65,'2015-05-01',2,27),(1535,69,'2015-06-01',2,27),(1536,75,'2015-07-01',2,27),(1537,75,'2015-08-01',2,27),(1538,74,'2015-09-01',2,27),(1539,70,'2015-10-01',2,27),(1540,76,'2015-11-01',2,27),(1541,75,'2015-12-01',2,27),(1542,75,'2016-01-01',2,27),(1543,72,'2016-02-01',2,27),(1544,75,'2016-03-01',2,27),(1545,77,'2016-04-01',2,27),(1546,80,'2016-05-01',2,27),(1547,80,'2016-06-01',2,27),(1548,80,'2016-07-01',2,27),(1549,80,'2016-08-01',2,27),(1550,80,'2016-09-01',2,27),(1551,80,'2016-10-01',2,27),(1552,80,'2016-11-01',2,27),(1553,70,'2016-12-01',2,27),(1554,40,'2012-01-01',4,27),(1555,40,'2012-02-01',4,27),(1556,40,'2012-03-01',4,27),(1557,42,'2012-04-01',4,27),(1558,75,'2012-05-01',4,27),(1559,63,'2012-06-01',4,27),(1560,41,'2012-07-01',4,27),(1561,47,'2012-08-01',4,27),(1562,51,'2012-09-01',4,27),(1563,49,'2012-10-01',4,27),(1564,44,'2012-11-01',4,27),(1565,36,'2012-12-01',4,27),(1566,36,'2013-01-01',4,27),(1567,36,'2013-02-01',4,27),(1568,40,'2013-03-01',4,27),(1569,45,'2013-04-01',4,27),(1570,51,'2013-05-01',4,27),(1571,51,'2013-06-01',4,27),(1572,50,'2013-07-01',4,27),(1573,50,'2013-08-01',4,27),(1574,50,'2013-09-01',4,27),(1575,75,'2013-10-01',4,27),(1576,80,'2013-11-01',4,27),(1577,80,'2013-12-01',4,27),(1578,80,'2014-01-01',4,27),(1579,54,'2014-02-01',4,27),(1580,50,'2014-03-01',4,27),(1581,52,'2014-04-01',4,27),(1582,65,'2014-05-01',4,27),(1583,75,'2014-06-01',4,27),(1584,60,'2014-07-01',4,27),(1585,65,'2014-08-01',4,27),(1586,65,'2014-09-01',4,27),(1587,63,'2014-10-01',4,27),(1588,54,'2014-11-01',4,27),(1589,56,'2014-12-01',4,27),(1590,65,'2015-01-01',4,27),(1591,80,'2015-02-01',4,27),(1592,81,'2015-03-01',4,27),(1593,57,'2015-04-01',4,27),(1594,50,'2015-05-01',4,27),(1595,52,'2015-06-01',4,27),(1596,55,'2015-07-01',4,27),(1597,55,'2015-08-01',4,27),(1598,55,'2015-09-01',4,27),(1599,54,'2015-10-01',4,27),(1600,57,'2015-11-01',4,27),(1601,61,'2015-12-01',4,27),(1602,65,'2016-01-01',4,27),(1603,53,'2016-02-01',4,27),(1604,65,'2016-03-01',4,27),(1605,61,'2016-04-01',4,27),(1606,55,'2016-05-01',4,27),(1607,55,'2016-06-01',4,27),(1608,55,'2016-07-01',4,27),(1609,55,'2016-08-01',4,27),(1610,55,'2016-09-01',4,27),(1611,55,'2016-10-01',4,27),(1612,55,'2016-11-01',4,27),(1613,58,'2016-12-01',4,27),(1614,32,'2012-01-01',5,27),(1615,29,'2012-02-01',5,27),(1616,29,'2012-03-01',5,27),(1617,32,'2012-04-01',5,27),(1618,33,'2012-05-01',5,27),(1619,33,'2012-06-01',5,27),(1620,35,'2012-07-01',5,27),(1621,37,'2012-08-01',5,27),(1622,35,'2012-09-01',5,27),(1623,34,'2012-10-01',5,27),(1624,31,'2012-11-01',5,27),(1625,31,'2012-12-01',5,27),(1626,31,'2013-01-01',5,27),(1627,37,'2013-02-01',5,27),(1628,38,'2013-03-01',5,27),(1629,41,'2013-04-01',5,27),(1630,39,'2013-05-01',5,27),(1631,41,'2013-06-01',5,27),(1632,42,'2013-07-01',5,27),(1633,40,'2013-08-01',5,27),(1634,41,'2013-09-01',5,27),(1635,32,'2013-10-01',5,27),(1636,30,'2013-11-01',5,27),(1637,29,'2013-12-01',5,27),(1638,30,'2014-01-01',5,27),(1639,29,'2014-02-01',5,27),(1640,36,'2014-03-01',5,27),(1641,36,'2014-04-01',5,27),(1642,36,'2014-05-01',5,27),(1643,36,'2014-06-01',5,27),(1644,37,'2014-07-01',5,27),(1645,37,'2014-08-01',5,27),(1646,38,'2014-09-01',5,27),(1647,35,'2014-10-01',5,27),(1648,34,'2014-11-01',5,27),(1649,37,'2014-12-01',5,27),(1650,37,'2015-01-01',5,27),(1651,38,'2015-02-01',5,27),(1652,38,'2015-03-01',5,27),(1653,38,'2015-04-01',5,27),(1654,38,'2015-05-01',5,27),(1655,38,'2015-06-01',5,27),(1656,38,'2015-07-01',5,27),(1657,36,'2015-08-01',5,27),(1658,33,'2015-09-01',5,27),(1659,33,'2015-10-01',5,27),(1660,38,'2015-11-01',5,27),(1661,36,'2015-12-01',5,27),(1662,37,'2016-01-01',5,27),(1663,37,'2016-02-01',5,27),(1664,37,'2016-03-01',5,27),(1665,37,'2016-04-01',5,27),(1666,37,'2016-05-01',5,27),(1667,37,'2016-06-01',5,27),(1668,37,'2016-07-01',5,27),(1669,36,'2016-08-01',5,27),(1670,36,'2016-09-01',5,27),(1671,33,'2016-10-01',5,27),(1672,33,'2016-11-01',5,27),(1673,36,'2016-12-01',5,27),(1674,20,'2012-01-01',6,27),(1675,17,'2012-02-01',6,27),(1676,18,'2012-03-01',6,27),(1677,19,'2012-04-01',6,27),(1678,21,'2012-05-01',6,27),(1679,21,'2012-06-01',6,27),(1680,18,'2012-07-01',6,27),(1681,24,'2012-08-01',6,27),(1682,23,'2012-09-01',6,27),(1683,24,'2012-10-01',6,27),(1684,19,'2012-11-01',6,27),(1685,18,'2012-12-01',6,27),(1686,17,'2013-01-01',6,27),(1687,16,'2013-02-01',6,27),(1688,15,'2013-03-01',6,27),(1689,16,'2013-04-01',6,27),(1690,18,'2013-05-01',6,27),(1691,42,'2013-06-01',6,27),(1692,21,'2013-07-01',6,27),(1693,21,'2013-08-01',6,27),(1694,22,'2013-09-01',6,27),(1695,22,'2013-10-01',6,27),(1696,21,'2013-11-01',6,27),(1697,19,'2013-12-01',6,27),(1698,17,'2014-01-01',6,27),(1699,15,'2014-02-01',6,27),(1700,13,'2014-03-01',6,27),(1701,13,'2014-04-01',6,27),(1702,23,'2014-05-01',6,27),(1703,21,'2014-06-01',6,27),(1704,21,'2014-07-01',6,27),(1705,21,'2014-08-01',6,27),(1706,22,'2014-09-01',6,27),(1707,20,'2014-10-01',6,27),(1708,19,'2014-11-01',6,27),(1709,18,'2014-12-01',6,27),(1710,17,'2015-01-01',6,27),(1711,18,'2015-02-01',6,27),(1712,20,'2015-03-01',6,27),(1713,23,'2015-04-01',6,27),(1714,26,'2015-05-01',6,27),(1715,21,'2015-06-01',6,27),(1716,19,'2015-07-01',6,27),(1717,18,'2015-08-01',6,27),(1718,24,'2015-09-01',6,27),(1719,25,'2015-10-01',6,27),(1720,23,'2015-11-01',6,27),(1721,24,'2015-12-01',6,27),(1722,17,'2016-01-01',6,27),(1723,21,'2016-02-01',6,27),(1724,18,'2016-03-01',6,27),(1725,19,'2016-04-01',6,27),(1726,21,'2016-05-01',6,27),(1727,22,'2016-06-01',6,27),(1728,20,'2016-07-01',6,27),(1729,26,'2016-08-01',6,27),(1730,26,'2016-09-01',6,27),(1731,22,'2016-10-01',6,27),(1732,22,'2016-11-01',6,27),(1733,24,'2016-12-01',6,27),(1734,27,'2012-01-01',1,31),(1735,26,'2012-02-01',1,31),(1736,36,'2012-05-01',1,31),(1737,34,'2012-06-01',1,31),(1738,20,'2012-11-01',1,31),(1739,26,'2013-07-01',1,31),(1740,28,'2016-12-01',1,31),(1741,73,'2012-01-01',2,31),(1742,73,'2012-02-01',2,31),(1743,73,'2012-05-01',2,31),(1744,73,'2012-06-01',2,31),(1745,74,'2012-11-01',2,31),(1746,72,'2013-07-01',2,31),(1747,80,'2016-12-01',2,31),(1748,29,'2012-01-01',4,31),(1749,31,'2012-02-01',4,31),(1750,36,'2012-05-01',4,31),(1751,36,'2012-06-01',4,31),(1752,44,'2012-11-01',4,31),(1753,47,'2013-07-01',4,31),(1754,50,'2016-12-01',4,31),(1755,32,'2012-01-01',5,31),(1756,32,'2012-02-01',5,31),(1757,33,'2012-05-01',5,31),(1758,35,'2012-06-01',5,31),(1759,31,'2012-11-01',5,31),(1760,42,'2013-07-01',5,31),(1761,30,'2012-01-01',6,31),(1762,24,'2012-05-01',6,31),(1763,28,'2012-11-01',6,31),(1764,41,'2016-12-01',6,31),(1765,23,'2012-01-01',1,32),(1766,23,'2012-02-01',1,32),(1767,24,'2012-03-01',1,32),(1768,26,'2012-04-01',1,32),(1769,29,'2012-05-01',1,32),(1770,30,'2012-06-01',1,32),(1771,28,'2012-07-01',1,32),(1772,26,'2012-08-01',1,32),(1773,23,'2012-09-01',1,32),(1774,22,'2012-10-01',1,32),(1775,20,'2012-11-01',1,32),(1776,22,'2012-12-01',1,32),(1777,23,'2013-01-01',1,32),(1778,22,'2013-02-01',1,32),(1779,22,'2013-03-01',1,32),(1780,22,'2013-04-01',1,32),(1781,24,'2013-05-01',1,32),(1782,22,'2013-06-01',1,32),(1783,21,'2013-07-01',1,32),(1784,22,'2013-08-01',1,32),(1785,21,'2013-09-01',1,32),(1786,20,'2013-10-01',1,32),(1787,20,'2013-11-01',1,32),(1788,20,'2013-12-01',1,32),(1789,21,'2014-01-01',1,32),(1790,21,'2014-02-01',1,32),(1791,23,'2014-03-01',1,32),(1792,23,'2014-04-01',1,32),(1793,26,'2014-07-01',1,32),(1794,25,'2014-08-01',1,32),(1795,20,'2014-09-01',1,32),(1796,19,'2014-10-01',1,32),(1797,19,'2014-11-01',1,32),(1798,22,'2014-12-01',1,32),(1799,19,'2015-01-01',1,32),(1800,19,'2015-02-01',1,32),(1801,20,'2015-03-01',1,32),(1802,21,'2015-04-01',1,32),(1803,26,'2015-05-01',1,32),(1804,25,'2015-06-01',1,32),(1805,22,'2015-07-01',1,32),(1806,21,'2015-08-01',1,32),(1807,21,'2015-09-01',1,32),(1808,21,'2015-10-01',1,32),(1809,21,'2015-11-01',1,32),(1810,21,'2015-12-01',1,32),(1811,21,'2016-01-01',1,32),(1812,22,'2016-02-01',1,32),(1813,21,'2016-03-01',1,32),(1814,21,'2016-04-01',1,32),(1815,23,'2016-05-01',1,32),(1816,21,'2016-06-01',1,32),(1817,22,'2016-07-01',1,32),(1818,22,'2016-08-01',1,32),(1819,22,'2016-09-01',1,32),(1820,20,'2016-10-01',1,32),(1821,20,'2016-11-01',1,32),(1822,21,'2016-12-01',1,32),(1823,50,'2012-01-01',2,32),(1824,50,'2012-02-01',2,32),(1825,50,'2012-03-01',2,32),(1826,50,'2012-04-01',2,32),(1827,55,'2012-05-01',2,32),(1828,54,'2012-06-01',2,32),(1829,64,'2012-07-01',2,32),(1830,70,'2012-08-01',2,32),(1831,61,'2012-09-01',2,32),(1832,57,'2012-10-01',2,32),(1833,56,'2012-11-01',2,32),(1834,59,'2012-12-01',2,32),(1835,60,'2013-01-01',2,32),(1836,58,'2013-02-01',2,32),(1837,58,'2013-03-01',2,32),(1838,58,'2013-04-01',2,32),(1839,64,'2013-05-01',2,32),(1840,61,'2013-06-01',2,32),(1841,60,'2013-07-01',2,32),(1842,61,'2013-08-01',2,32),(1843,60,'2013-09-01',2,32),(1844,60,'2013-10-01',2,32),(1845,60,'2013-11-01',2,32),(1846,60,'2013-12-01',2,32),(1847,62,'2014-01-01',2,32),(1848,62,'2014-02-01',2,32),(1849,56,'2014-03-01',2,32),(1850,56,'2014-04-01',2,32),(1851,67,'2014-07-01',2,32),(1852,72,'2014-08-01',2,32),(1853,72,'2014-09-01',2,32),(1854,72,'2014-10-01',2,32),(1855,72,'2014-11-01',2,32),(1856,75,'2014-12-01',2,32),(1857,72,'2015-01-01',2,32),(1858,72,'2015-02-01',2,32),(1859,72,'2015-03-01',2,32),(1860,74,'2015-04-01',2,32),(1861,78,'2015-05-01',2,32),(1862,72,'2015-06-01',2,32),(1863,70,'2015-07-01',2,32),(1864,64,'2015-08-01',2,32),(1865,64,'2015-09-01',2,32),(1866,65,'2015-10-01',2,32),(1867,74,'2015-11-01',2,32),(1868,64,'2015-12-01',2,32),(1869,64,'2016-01-01',2,32),(1870,66,'2016-02-01',2,32),(1871,61,'2016-03-01',2,32),(1872,56,'2016-04-01',2,32),(1873,60,'2016-05-01',2,32),(1874,55,'2016-06-01',2,32),(1875,58,'2016-07-01',2,32),(1876,56,'2016-08-01',2,32),(1877,56,'2016-09-01',2,32),(1878,52,'2016-10-01',2,32),(1879,52,'2016-11-01',2,32),(1880,64,'2016-12-01',2,32),(1881,40,'2012-01-01',4,32),(1882,40,'2012-02-01',4,32),(1883,33,'2012-03-01',4,32),(1884,30,'2012-04-01',4,32),(1885,33,'2012-05-01',4,32),(1886,33,'2012-06-01',4,32),(1887,33,'2012-07-01',4,32),(1888,40,'2012-08-01',4,32),(1889,40,'2012-09-01',4,32),(1890,36,'2012-10-01',4,32),(1891,35,'2012-11-01',4,32),(1892,34,'2012-12-01',4,32),(1893,34,'2013-01-01',4,32),(1894,31,'2013-02-01',4,32),(1895,30,'2013-03-01',4,32),(1896,31,'2013-04-01',4,32),(1897,40,'2013-05-01',4,32),(1898,32,'2013-06-01',4,32),(1899,30,'2013-07-01',4,32),(1900,33,'2013-08-01',4,32),(1901,33,'2013-09-01',4,32),(1902,33,'2013-10-01',4,32),(1903,33,'2013-11-01',4,32),(1904,33,'2013-12-01',4,32),(1905,37,'2014-01-01',4,32),(1906,39,'2014-02-01',4,32),(1907,36,'2014-03-01',4,32),(1908,36,'2014-04-01',4,32),(1909,35,'2014-07-01',4,32),(1910,35,'2014-08-01',4,32),(1911,35,'2014-09-01',4,32),(1912,35,'2014-10-01',4,32),(1913,35,'2014-11-01',4,32),(1914,36,'2014-12-01',4,32),(1915,35,'2015-01-01',4,32),(1916,35,'2015-02-01',4,32),(1917,35,'2015-03-01',4,32),(1918,36,'2015-04-01',4,32),(1919,39,'2015-05-01',4,32),(1920,39,'2015-06-01',4,32),(1921,39,'2015-07-01',4,32),(1922,30,'2015-08-01',4,32),(1923,32,'2015-09-01',4,32),(1924,36,'2015-10-01',4,32),(1925,36,'2015-11-01',4,32),(1926,35,'2015-12-01',4,32),(1927,35,'2016-01-01',4,32),(1928,35,'2016-02-01',4,32),(1929,31,'2016-03-01',4,32),(1930,30,'2016-04-01',4,32),(1931,31,'2016-05-01',4,32),(1932,30,'2016-06-01',4,32),(1933,30,'2016-07-01',4,32),(1934,34,'2016-08-01',4,32),(1935,34,'2016-09-01',4,32),(1936,39,'2016-10-01',4,32),(1937,39,'2016-11-01',4,32),(1938,40,'2016-12-01',4,32),(1939,37,'2012-01-01',5,32),(1940,36,'2012-02-01',5,32),(1941,31,'2012-03-01',5,32),(1942,30,'2012-04-01',5,32),(1943,33,'2012-05-01',5,32),(1944,33,'2012-06-01',5,32),(1945,33,'2012-07-01',5,32),(1946,33,'2012-08-01',5,32),(1947,36,'2012-09-01',5,32),(1948,40,'2012-10-01',5,32),(1949,38,'2012-11-01',5,32),(1950,39,'2012-12-01',5,32),(1951,38,'2013-01-01',5,32),(1952,40,'2013-02-01',5,32),(1953,40,'2013-03-01',5,32),(1954,40,'2013-04-01',5,32),(1955,40,'2013-05-01',5,32),(1956,40,'2013-06-01',5,32),(1957,40,'2013-07-01',5,32),(1958,40,'2013-08-01',5,32),(1959,40,'2013-09-01',5,32),(1960,39,'2013-10-01',5,32),(1961,36,'2013-11-01',5,32),(1962,36,'2013-12-01',5,32),(1963,34,'2014-01-01',5,32),(1964,33,'2014-02-01',5,32),(1965,33,'2014-03-01',5,32),(1966,33,'2014-04-01',5,32),(1967,34,'2014-07-01',5,32),(1968,34,'2014-08-01',5,32),(1969,34,'2014-09-01',5,32),(1970,35,'2014-10-01',5,32),(1971,36,'2014-11-01',5,32),(1972,41,'2014-12-01',5,32),(1973,37,'2015-01-01',5,32),(1974,33,'2015-02-01',5,32),(1975,39,'2015-03-01',5,32),(1976,48,'2015-10-01',5,32),(1977,26,'2012-01-01',6,32),(1978,26,'2012-02-01',6,32),(1979,37,'2012-03-01',6,32),(1980,41,'2012-04-01',6,32),(1981,38,'2012-05-01',6,32),(1982,31,'2012-06-01',6,32),(1983,31,'2012-07-01',6,32),(1984,31,'2012-08-01',6,32),(1985,31,'2012-09-01',6,32),(1986,31,'2012-10-01',6,32),(1987,29,'2012-11-01',6,32),(1988,26,'2012-12-01',6,32),(1989,26,'2013-01-01',6,32),(1990,27,'2013-02-01',6,32),(1991,26,'2013-03-01',6,32),(1992,26,'2013-04-01',6,32),(1993,26,'2013-05-01',6,32),(1994,22,'2013-06-01',6,32),(1995,24,'2013-07-01',6,32),(1996,23,'2013-08-01',6,32),(1997,28,'2013-09-01',6,32),(1998,28,'2013-10-01',6,32),(1999,30,'2013-11-01',6,32),(2000,31,'2013-12-01',6,32),(2001,30,'2014-01-01',6,32),(2002,31,'2014-02-01',6,32),(2003,30,'2014-03-01',6,32),(2004,30,'2014-04-01',6,32),(2005,28,'2014-07-01',6,32),(2006,26,'2014-08-01',6,32),(2007,29,'2014-09-01',6,32),(2008,31,'2014-10-01',6,32),(2009,31,'2014-11-01',6,32),(2010,26,'2014-12-01',6,32),(2011,31,'2015-01-01',6,32),(2012,31,'2015-02-01',6,32),(2013,31,'2015-03-01',6,32),(2014,31,'2015-04-01',6,32),(2015,31,'2015-05-01',6,32),(2016,29,'2015-06-01',6,32),(2017,29,'2015-07-01',6,32),(2018,26,'2015-08-01',6,32),(2019,26,'2015-09-01',6,32),(2020,33,'2015-10-01',6,32),(2021,31,'2015-11-01',6,32),(2022,36,'2015-12-01',6,32),(2023,36,'2016-01-01',6,32),(2024,33,'2016-02-01',6,32),(2025,36,'2016-03-01',6,32),(2026,36,'2016-04-01',6,32),(2027,33,'2016-05-01',6,32),(2028,36,'2016-06-01',6,32),(2029,34,'2016-07-01',6,32),(2030,31,'2016-08-01',6,32),(2031,31,'2016-09-01',6,32),(2032,31,'2016-10-01',6,32),(2033,31,'2016-11-01',6,32),(2034,35,'2016-12-01',6,32),(2035,28,'2012-01-01',1,34),(2036,32,'2012-11-01',1,34),(2037,32,'2012-12-01',1,34),(2038,26,'2013-01-01',1,34),(2039,24,'2013-02-01',1,34),(2040,22,'2013-03-01',1,34),(2041,20,'2013-04-01',1,34),(2042,23,'2013-05-01',1,34),(2043,24,'2013-06-01',1,34),(2044,23,'2013-07-01',1,34),(2045,24,'2013-08-01',1,34),(2046,25,'2013-09-01',1,34),(2047,26,'2013-10-01',1,34),(2048,29,'2013-11-01',1,34),(2049,31,'2013-12-01',1,34),(2050,28,'2014-01-01',1,34),(2051,26,'2014-02-01',1,34),(2052,23,'2014-03-01',1,34),(2053,23,'2014-04-01',1,34),(2054,23,'2014-05-01',1,34),(2055,27,'2014-06-01',1,34),(2056,24,'2014-07-01',1,34),(2057,21,'2014-08-01',1,34),(2058,22,'2014-09-01',1,34),(2059,26,'2014-10-01',1,34),(2060,23,'2014-11-01',1,34),(2061,23,'2014-12-01',1,34),(2062,25,'2015-01-01',1,34),(2063,25,'2015-02-01',1,34),(2064,22,'2015-03-01',1,34),(2065,23,'2015-04-01',1,34),(2066,35,'2015-05-01',1,34),(2067,36,'2015-08-01',1,34),(2068,25,'2015-10-01',1,34),(2069,23,'2015-11-01',1,34),(2070,27,'2015-12-01',1,34),(2071,30,'2016-01-01',1,34),(2072,23,'2016-02-01',1,34),(2073,19,'2016-03-01',1,34),(2074,21,'2016-07-01',1,34),(2075,23,'2016-08-01',1,34),(2076,23,'2016-09-01',1,34),(2077,27,'2016-10-01',1,34),(2078,27,'2016-11-01',1,34),(2079,19,'2016-12-01',1,34),(2080,71,'2013-10-01',2,34),(2081,64,'2016-12-01',2,34),(2082,42,'2013-10-01',4,34),(2083,44,'2016-12-01',4,34),(2084,33,'2013-10-01',5,34),(2085,67,'2016-02-01',5,34),(2086,67,'2016-03-01',5,34),(2087,90,'2016-08-01',5,34),(2088,90,'2016-09-01',5,34),(2089,31,'2012-11-01',6,34),(2090,26,'2012-12-01',6,34),(2091,31,'2013-01-01',6,34),(2092,31,'2013-02-01',6,34),(2093,31,'2013-03-01',6,34),(2094,31,'2013-04-01',6,34),(2095,31,'2013-05-01',6,34),(2096,46,'2013-06-01',6,34),(2097,27,'2013-07-01',6,34),(2098,29,'2013-08-01',6,34),(2099,30,'2013-09-01',6,34),(2100,31,'2013-10-01',6,34),(2101,31,'2013-11-01',6,34),(2102,31,'2014-02-01',6,34),(2103,31,'2014-06-01',6,34),(2104,28,'2014-07-01',6,34),(2105,24,'2014-08-01',6,34),(2106,20,'2014-09-01',6,34),(2107,21,'2014-10-01',6,34),(2108,26,'2014-11-01',6,34),(2109,31,'2015-10-01',6,34),(2110,31,'2016-01-01',6,34),(2111,31,'2016-02-01',6,34),(2112,31,'2016-03-01',6,34),(2113,26,'2016-07-01',6,34),(2114,31,'2016-08-01',6,34),(2115,31,'2016-09-01',6,34),(2116,32,'2016-10-01',6,34),(2117,32,'2016-11-01',6,34),(2118,27,'2016-12-01',6,34),(2119,28,'2012-01-01',1,37),(2120,30,'2012-02-01',1,37),(2121,28,'2012-03-01',1,37),(2122,30,'2012-04-01',1,37),(2123,33,'2012-05-01',1,37),(2124,23,'2013-01-01',1,37),(2125,63,'2012-01-01',2,37),(2126,53,'2012-02-01',2,37),(2127,50,'2012-03-01',2,37),(2128,53,'2012-04-01',2,37),(2129,58,'2012-05-01',2,37),(2130,67,'2013-01-01',2,37),(2131,33,'2012-01-01',4,37),(2132,36,'2012-02-01',4,37),(2133,35,'2012-03-01',4,37),(2134,36,'2012-04-01',4,37),(2135,36,'2012-05-01',4,37),(2136,63,'2013-01-01',4,37),(2137,24,'2012-01-01',6,37),(2138,24,'2012-02-01',6,37),(2139,24,'2012-03-01',6,37),(2140,24,'2012-04-01',6,37),(2141,27,'2012-05-01',6,37),(2142,19,'2013-01-01',6,37),(2143,22,'2012-01-01',1,39),(2144,31,'2012-02-01',1,39),(2145,36,'2012-03-01',1,39),(2146,36,'2012-04-01',1,39),(2147,34,'2012-05-01',1,39),(2148,29,'2012-06-01',1,39),(2149,53,'2012-01-01',2,39),(2150,53,'2012-02-01',2,39),(2151,62,'2012-03-01',2,39),(2152,67,'2012-04-01',2,39),(2153,68,'2012-05-01',2,39),(2154,67,'2012-06-01',2,39),(2155,44,'2012-01-01',4,39),(2156,44,'2012-02-01',4,39),(2157,37,'2012-03-01',4,39),(2158,43,'2012-04-01',4,39),(2159,44,'2012-05-01',4,39),(2160,44,'2012-06-01',4,39),(2161,28,'2012-03-01',5,39),(2162,27,'2012-01-01',6,39),(2163,16,'2012-02-01',6,39),(2164,18,'2012-03-01',6,39),(2165,20,'2012-05-01',6,39),(2166,26,'2012-01-01',1,40),(2167,27,'2012-02-01',1,40),(2168,27,'2012-03-01',1,40),(2169,29,'2012-04-01',1,40),(2170,29,'2012-05-01',1,40),(2171,31,'2012-06-01',1,40),(2172,26,'2012-07-01',1,40),(2173,24,'2012-08-01',1,40),(2174,23,'2012-09-01',1,40),(2175,24,'2012-10-01',1,40),(2176,24,'2012-11-01',1,40),(2177,20,'2012-12-01',1,40),(2178,20,'2013-01-01',1,40),(2179,26,'2013-02-01',1,40),(2180,44,'2013-03-01',1,40),(2181,38,'2013-04-01',1,40),(2182,39,'2013-05-01',1,40),(2183,27,'2013-06-01',1,40),(2184,24,'2013-07-01',1,40),(2185,26,'2013-08-01',1,40),(2186,37,'2013-09-01',1,40),(2187,31,'2013-10-01',1,40),(2188,29,'2013-11-01',1,40),(2189,29,'2013-12-01',1,40),(2190,29,'2014-01-01',1,40),(2191,27,'2014-02-01',1,40),(2192,27,'2014-03-01',1,40),(2193,27,'2014-04-01',1,40),(2194,34,'2014-05-01',1,40),(2195,34,'2014-06-01',1,40),(2196,28,'2014-07-01',1,40),(2197,21,'2014-08-01',1,40),(2198,29,'2014-09-01',1,40),(2199,24,'2014-10-01',1,40),(2200,32,'2016-03-01',1,40),(2201,29,'2016-04-01',1,40),(2202,31,'2016-05-01',1,40),(2203,30,'2016-06-01',1,40),(2204,31,'2016-07-01',1,40),(2205,32,'2016-08-01',1,40),(2206,32,'2016-09-01',1,40),(2207,27,'2016-10-01',1,40),(2208,27,'2016-11-01',1,40),(2209,33,'2016-12-01',1,40),(2210,50,'2012-01-01',2,40),(2211,54,'2012-02-01',2,40),(2212,54,'2012-03-01',2,40),(2213,56,'2012-04-01',2,40),(2214,64,'2012-05-01',2,40),(2215,54,'2012-06-01',2,40),(2216,63,'2012-07-01',2,40),(2217,60,'2012-08-01',2,40),(2218,39,'2012-09-01',2,40),(2219,54,'2012-10-01',2,40),(2220,56,'2012-11-01',2,40),(2221,53,'2012-12-01',2,40),(2222,53,'2013-01-01',2,40),(2223,60,'2013-02-01',2,40),(2224,59,'2013-03-01',2,40),(2225,65,'2013-04-01',2,40),(2226,50,'2013-05-01',2,40),(2227,56,'2013-06-01',2,40),(2228,51,'2013-07-01',2,40),(2229,50,'2013-08-01',2,40),(2230,48,'2013-09-01',2,40),(2231,55,'2013-10-01',2,40),(2232,57,'2013-11-01',2,40),(2233,56,'2013-12-01',2,40),(2234,55,'2014-01-01',2,40),(2235,56,'2014-02-01',2,40),(2236,55,'2014-03-01',2,40),(2237,55,'2014-04-01',2,40),(2238,65,'2014-05-01',2,40),(2239,65,'2014-06-01',2,40),(2240,57,'2014-07-01',2,40),(2241,58,'2014-08-01',2,40),(2242,57,'2014-09-01',2,40),(2243,60,'2014-10-01',2,40),(2244,60,'2016-03-01',2,40),(2245,110,'2016-04-01',2,40),(2246,65,'2016-05-01',2,40),(2247,65,'2016-06-01',2,40),(2248,66,'2016-07-01',2,40),(2249,63,'2016-08-01',2,40),(2250,63,'2016-09-01',2,40),(2251,60,'2016-10-01',2,40),(2252,60,'2016-11-01',2,40),(2253,80,'2016-12-01',2,40),(2254,29,'2012-01-01',4,40),(2255,30,'2012-02-01',4,40),(2256,31,'2012-03-01',4,40),(2257,36,'2012-04-01',4,40),(2258,40,'2012-05-01',4,40),(2259,38,'2012-06-01',4,40),(2260,37,'2012-07-01',4,40),(2261,30,'2012-08-01',4,40),(2262,34,'2012-09-01',4,40),(2263,34,'2012-10-01',4,40),(2264,28,'2012-11-01',4,40),(2265,28,'2012-12-01',4,40),(2266,30,'2013-01-01',4,40),(2267,35,'2013-02-01',4,40),(2268,30,'2013-03-01',4,40),(2269,34,'2013-04-01',4,40),(2270,27,'2013-05-01',4,40),(2271,31,'2013-06-01',4,40),(2272,22,'2013-07-01',4,40),(2273,22,'2013-08-01',4,40),(2274,24,'2013-09-01',4,40),(2275,30,'2013-10-01',4,40),(2276,33,'2013-11-01',4,40),(2277,32,'2013-12-01',4,40),(2278,30,'2014-01-01',4,40),(2279,30,'2014-02-01',4,40),(2280,30,'2014-03-01',4,40),(2281,30,'2014-04-01',4,40),(2282,35,'2014-05-01',4,40),(2283,34,'2014-06-01',4,40),(2284,31,'2014-07-01',4,40),(2285,30,'2014-08-01',4,40),(2286,32,'2014-09-01',4,40),(2287,32,'2014-10-01',4,40),(2288,30,'2016-03-01',4,40),(2289,20,'2016-04-01',4,40),(2290,40,'2016-05-01',4,40),(2291,34,'2016-06-01',4,40),(2292,40,'2016-07-01',4,40),(2293,38,'2016-08-01',4,40),(2294,38,'2016-09-01',4,40),(2295,32,'2016-10-01',4,40),(2296,32,'2016-11-01',4,40),(2297,50,'2016-12-01',4,40),(2298,60,'2012-09-01',5,40),(2299,80,'2016-12-01',5,40),(2300,21,'2012-01-01',6,40),(2301,13,'2012-02-01',6,40),(2302,23,'2012-03-01',6,40),(2303,28,'2012-04-01',6,40),(2304,24,'2012-05-01',6,40),(2305,22,'2012-06-01',6,40),(2306,22,'2012-07-01',6,40),(2307,22,'2012-08-01',6,40),(2308,25,'2012-09-01',6,40),(2309,24,'2012-10-01',6,40),(2310,20,'2012-11-01',6,40),(2311,20,'2012-12-01',6,40),(2312,22,'2013-01-01',6,40),(2313,20,'2013-02-01',6,40),(2314,26,'2013-03-01',6,40),(2315,27,'2013-04-01',6,40),(2316,20,'2013-05-01',6,40),(2317,23,'2013-06-01',6,40),(2318,19,'2013-07-01',6,40),(2319,19,'2013-08-01',6,40),(2320,21,'2013-09-01',6,40),(2321,19,'2013-10-01',6,40),(2322,18,'2013-11-01',6,40),(2323,20,'2013-12-01',6,40),(2324,19,'2014-01-01',6,40),(2325,20,'2014-02-01',6,40),(2326,20,'2014-03-01',6,40),(2327,20,'2014-04-01',6,40),(2328,24,'2014-05-01',6,40),(2329,19,'2014-06-01',6,40),(2330,21,'2014-07-01',6,40),(2331,19,'2014-08-01',6,40),(2332,24,'2014-09-01',6,40),(2333,23,'2014-10-01',6,40),(2334,27,'2016-03-01',6,40),(2335,20,'2016-04-01',6,40),(2336,32,'2016-05-01',6,40),(2337,31,'2016-06-01',6,40),(2338,39,'2016-07-01',6,40),(2339,38,'2016-08-01',6,40),(2340,38,'2016-09-01',6,40),(2341,28,'2016-10-01',6,40),(2342,28,'2016-11-01',6,40),(2343,100,'2016-12-01',6,40),(2344,28,'2012-01-01',1,42),(2345,28,'2012-02-01',1,42),(2346,28,'2012-03-01',1,42),(2347,33,'2012-04-01',1,42),(2348,35,'2012-05-01',1,42),(2349,33,'2012-06-01',1,42),(2350,30,'2012-07-01',1,42),(2351,29,'2012-08-01',1,42),(2352,28,'2012-09-01',1,42),(2353,26,'2012-10-01',1,42),(2354,26,'2012-11-01',1,42),(2355,26,'2012-12-01',1,42),(2356,28,'2013-01-01',1,42),(2357,29,'2013-02-01',1,42),(2358,31,'2013-03-01',1,42),(2359,24,'2013-04-01',1,42),(2360,31,'2013-05-01',1,42),(2361,29,'2013-06-01',1,42),(2362,27,'2013-07-01',1,42),(2363,26,'2013-08-01',1,42),(2364,29,'2013-09-01',1,42),(2365,29,'2013-10-01',1,42),(2366,29,'2013-11-01',1,42),(2367,32,'2013-12-01',1,42),(2368,30,'2014-01-01',1,42),(2369,31,'2014-02-01',1,42),(2370,33,'2014-03-01',1,42),(2371,33,'2014-04-01',1,42),(2372,30,'2014-05-01',1,42),(2373,31,'2014-06-01',1,42),(2374,27,'2014-07-01',1,42),(2375,28,'2014-08-01',1,42),(2376,28,'2014-09-01',1,42),(2377,26,'2014-10-01',1,42),(2378,24,'2014-11-01',1,42),(2379,28,'2014-12-01',1,42),(2380,28,'2015-01-01',1,42),(2381,29,'2015-02-01',1,42),(2382,28,'2015-03-01',1,42),(2383,31,'2015-04-01',1,42),(2384,33,'2015-05-01',1,42),(2385,32,'2015-06-01',1,42),(2386,28,'2015-07-01',1,42),(2387,27,'2015-08-01',1,42),(2388,24,'2015-09-01',1,42),(2389,24,'2015-10-01',1,42),(2390,31,'2015-11-01',1,42),(2391,27,'2015-12-01',1,42),(2392,26,'2016-01-01',1,42),(2393,29,'2016-02-01',1,42),(2394,28,'2016-03-01',1,42),(2395,29,'2016-04-01',1,42),(2396,28,'2016-05-01',1,42),(2397,27,'2016-06-01',1,42),(2398,27,'2016-07-01',1,42),(2399,27,'2016-08-01',1,42),(2400,27,'2016-09-01',1,42),(2401,28,'2016-10-01',1,42),(2402,28,'2016-11-01',1,42),(2403,30,'2016-12-01',1,42),(2404,53,'2012-01-01',2,42),(2405,53,'2012-02-01',2,42),(2406,53,'2012-03-01',2,42),(2407,64,'2012-04-01',2,42),(2408,67,'2012-05-01',2,42),(2409,74,'2012-06-01',2,42),(2410,82,'2012-07-01',2,42),(2411,83,'2012-08-01',2,42),(2412,80,'2012-09-01',2,42),(2413,80,'2012-10-01',2,42),(2414,80,'2012-11-01',2,42),(2415,80,'2012-12-01',2,42),(2416,80,'2013-01-01',2,42),(2417,80,'2013-02-01',2,42),(2418,80,'2013-03-01',2,42),(2419,48,'2013-04-01',2,42),(2420,89,'2013-05-01',2,42),(2421,88,'2013-06-01',2,42),(2422,82,'2013-07-01',2,42),(2423,80,'2013-08-01',2,42),(2424,85,'2013-09-01',2,42),(2425,80,'2013-10-01',2,42),(2426,80,'2013-11-01',2,42),(2427,70,'2013-12-01',2,42),(2428,77,'2014-01-01',2,42),(2429,80,'2014-02-01',2,42),(2430,80,'2014-03-01',2,42),(2431,80,'2014-04-01',2,42),(2432,80,'2014-05-01',2,42),(2433,80,'2014-06-01',2,42),(2434,80,'2014-07-01',2,42),(2435,80,'2014-08-01',2,42),(2436,80,'2014-09-01',2,42),(2437,80,'2014-10-01',2,42),(2438,80,'2014-11-01',2,42),(2439,80,'2014-12-01',2,42),(2440,80,'2015-01-01',2,42),(2441,80,'2015-02-01',2,42),(2442,80,'2015-03-01',2,42),(2443,79,'2015-04-01',2,42),(2444,80,'2015-05-01',2,42),(2445,80,'2015-06-01',2,42),(2446,80,'2015-07-01',2,42),(2447,74,'2015-08-01',2,42),(2448,67,'2015-09-01',2,42),(2449,69,'2015-10-01',2,42),(2450,79,'2015-11-01',2,42),(2451,71,'2015-12-01',2,42),(2452,71,'2016-01-01',2,42),(2453,72,'2016-02-01',2,42),(2454,75,'2016-03-01',2,42),(2455,78,'2016-04-01',2,42),(2456,77,'2016-05-01',2,42),(2457,80,'2016-06-01',2,42),(2458,79,'2016-07-01',2,42),(2459,77,'2016-08-01',2,42),(2460,77,'2016-09-01',2,42),(2461,76,'2016-10-01',2,42),(2462,76,'2016-11-01',2,42),(2463,76,'2016-12-01',2,42),(2464,40,'2012-01-01',4,42),(2465,39,'2012-02-01',4,42),(2466,38,'2012-03-01',4,42),(2467,41,'2012-04-01',4,42),(2468,44,'2012-05-01',4,42),(2469,44,'2012-06-01',4,42),(2470,40,'2012-07-01',4,42),(2471,42,'2012-08-01',4,42),(2472,37,'2012-09-01',4,42),(2473,36,'2012-10-01',4,42),(2474,37,'2012-11-01',4,42),(2475,38,'2012-12-01',4,42),(2476,40,'2013-01-01',4,42),(2477,40,'2013-02-01',4,42),(2478,41,'2013-03-01',4,42),(2479,26,'2013-04-01',4,42),(2480,44,'2013-05-01',4,42),(2481,40,'2013-06-01',4,42),(2482,38,'2013-07-01',4,42),(2483,38,'2013-08-01',4,42),(2484,39,'2013-09-01',4,42),(2485,40,'2013-10-01',4,42),(2486,40,'2013-11-01',4,42),(2487,40,'2013-12-01',4,42),(2488,40,'2014-01-01',4,42),(2489,42,'2014-02-01',4,42),(2490,40,'2014-03-01',4,42),(2491,40,'2014-04-01',4,42),(2492,40,'2014-05-01',4,42),(2493,42,'2014-06-01',4,42),(2494,40,'2014-07-01',4,42),(2495,36,'2014-08-01',4,42),(2496,38,'2014-09-01',4,42),(2497,38,'2014-10-01',4,42),(2498,38,'2014-11-01',4,42),(2499,38,'2014-12-01',4,42),(2500,38,'2015-01-01',4,42),(2501,39,'2015-02-01',4,42),(2502,40,'2015-03-01',4,42),(2503,40,'2015-04-01',4,42),(2504,40,'2015-05-01',4,42),(2505,40,'2015-06-01',4,42),(2506,39,'2015-07-01',4,42),(2507,36,'2015-08-01',4,42),(2508,35,'2015-09-01',4,42),(2509,37,'2015-10-01',4,42),(2510,40,'2015-11-01',4,42),(2511,36,'2015-12-01',4,42),(2512,36,'2016-01-01',4,42),(2513,34,'2016-02-01',4,42),(2514,36,'2016-03-01',4,42),(2515,36,'2016-04-01',4,42),(2516,36,'2016-05-01',4,42),(2517,36,'2016-06-01',4,42),(2518,36,'2016-07-01',4,42),(2519,36,'2016-08-01',4,42),(2520,36,'2016-09-01',4,42),(2521,37,'2016-10-01',4,42),(2522,37,'2016-11-01',4,42),(2523,40,'2016-12-01',4,42),(2524,81,'2013-12-01',5,42),(2525,60,'2014-06-01',5,42),(2526,48,'2015-10-01',5,42),(2527,18,'2012-01-01',6,42),(2528,20,'2012-02-01',6,42),(2529,20,'2012-03-01',6,42),(2530,23,'2012-04-01',6,42),(2531,25,'2012-05-01',6,42),(2532,19,'2012-06-01',6,42),(2533,16,'2012-07-01',6,42),(2534,18,'2012-08-01',6,42),(2535,20,'2012-09-01',6,42),(2536,21,'2012-10-01',6,42),(2537,22,'2012-11-01',6,42),(2538,19,'2012-12-01',6,42),(2539,18,'2013-01-01',6,42),(2540,17,'2013-02-01',6,42),(2541,18,'2013-03-01',6,42),(2542,24,'2013-04-01',6,42),(2543,16,'2013-05-01',6,42),(2544,28,'2013-06-01',6,42),(2545,18,'2013-07-01',6,42),(2546,20,'2013-08-01',6,42),(2547,20,'2013-09-01',6,42),(2548,20,'2013-10-01',6,42),(2549,20,'2013-11-01',6,42),(2550,18,'2013-12-01',6,42),(2551,21,'2014-01-01',6,42),(2552,19,'2014-02-01',6,42),(2553,20,'2014-03-01',6,42),(2554,19,'2014-04-01',6,42),(2555,17,'2014-05-01',6,42),(2556,17,'2014-06-01',6,42),(2557,17,'2014-07-01',6,42),(2558,20,'2014-08-01',6,42),(2559,20,'2014-09-01',6,42),(2560,20,'2014-10-01',6,42),(2561,17,'2014-11-01',6,42),(2562,19,'2014-12-01',6,42),(2563,19,'2015-01-01',6,42),(2564,21,'2015-02-01',6,42),(2565,24,'2015-03-01',6,42),(2566,26,'2015-04-01',6,42),(2567,26,'2015-05-01',6,42),(2568,25,'2015-06-01',6,42),(2569,25,'2015-07-01',6,42),(2570,26,'2015-08-01',6,42),(2571,26,'2015-09-01',6,42),(2572,24,'2015-10-01',6,42),(2573,26,'2015-11-01',6,42),(2574,26,'2015-12-01',6,42),(2575,26,'2016-01-01',6,42),(2576,23,'2016-02-01',6,42),(2577,26,'2016-03-01',6,42),(2578,26,'2016-04-01',6,42),(2579,25,'2016-05-01',6,42),(2580,19,'2016-06-01',6,42),(2581,21,'2016-07-01',6,42),(2582,24,'2016-08-01',6,42),(2583,24,'2016-09-01',6,42),(2584,26,'2016-10-01',6,42),(2585,26,'2016-11-01',6,42),(2586,26,'2016-12-01',6,42),(2587,44,'2012-04-01',1,45),(2588,44,'2012-05-01',1,45),(2589,44,'2012-06-01',1,45),(2590,36,'2012-08-01',1,45),(2591,36,'2012-11-01',1,45),(2592,33,'2012-12-01',1,45),(2593,34,'2013-01-01',1,45),(2594,33,'2013-02-01',1,45),(2595,34,'2013-03-01',1,45),(2596,38,'2013-04-01',1,45),(2597,50,'2013-05-01',1,45),(2598,45,'2013-06-01',1,45),(2599,37,'2013-07-01',1,45),(2600,38,'2013-08-01',1,45),(2601,38,'2013-09-01',1,45),(2602,39,'2013-10-01',1,45),(2603,40,'2013-11-01',1,45),(2604,40,'2013-12-01',1,45),(2605,38,'2014-01-01',1,45),(2606,36,'2014-02-01',1,45),(2607,37,'2014-03-01',1,45),(2608,37,'2014-04-01',1,45),(2609,38,'2014-05-01',1,45),(2610,41,'2014-06-01',1,45),(2611,40,'2014-07-01',1,45),(2612,35,'2014-08-01',1,45),(2613,36,'2014-09-01',1,45),(2614,30,'2014-10-01',1,45),(2615,31,'2014-11-01',1,45),(2616,42,'2014-12-01',1,45),(2617,30,'2015-01-01',1,45),(2618,28,'2015-02-01',1,45),(2619,31,'2015-03-01',1,45),(2620,46,'2015-04-01',1,45),(2621,36,'2015-05-01',1,45),(2622,36,'2015-06-01',1,45),(2623,38,'2015-07-01',1,45),(2624,35,'2015-08-01',1,45),(2625,42,'2015-09-01',1,45),(2626,36,'2015-10-01',1,45),(2627,46,'2015-11-01',1,45),(2628,29,'2015-12-01',1,45),(2629,30,'2016-01-01',1,45),(2630,28,'2016-02-01',1,45),(2631,28,'2016-03-01',1,45),(2632,41,'2016-04-01',1,45),(2633,42,'2016-05-01',1,45),(2634,32,'2016-06-01',1,45),(2635,36,'2016-07-01',1,45),(2636,32,'2016-08-01',1,45),(2637,32,'2016-09-01',1,45),(2638,35,'2016-10-01',1,45),(2639,35,'2016-11-01',1,45),(2640,28,'2016-12-01',1,45),(2641,76,'2012-04-01',2,45),(2642,84,'2012-05-01',2,45),(2643,89,'2012-06-01',2,45),(2644,84,'2012-08-01',2,45),(2645,87,'2012-11-01',2,45),(2646,81,'2012-12-01',2,45),(2647,73,'2013-01-01',2,45),(2648,68,'2013-02-01',2,45),(2649,68,'2013-03-01',2,45),(2650,72,'2013-04-01',2,45),(2651,76,'2013-05-01',2,45),(2652,70,'2013-06-01',2,45),(2653,59,'2013-07-01',2,45),(2654,63,'2013-08-01',2,45),(2655,62,'2013-09-01',2,45),(2656,67,'2013-10-01',2,45),(2657,62,'2013-11-01',2,45),(2658,62,'2013-12-01',2,45),(2659,62,'2014-01-01',2,45),(2660,62,'2014-02-01',2,45),(2661,67,'2014-03-01',2,45),(2662,67,'2014-04-01',2,45),(2663,71,'2014-05-01',2,45),(2664,71,'2014-06-01',2,45),(2665,69,'2014-07-01',2,45),(2666,67,'2014-08-01',2,45),(2667,67,'2014-09-01',2,45),(2668,63,'2014-10-01',2,45),(2669,64,'2014-11-01',2,45),(2670,68,'2014-12-01',2,45),(2671,67,'2015-01-01',2,45),(2672,67,'2015-02-01',2,45),(2673,64,'2015-03-01',2,45),(2674,70,'2015-04-01',2,45),(2675,74,'2015-05-01',2,45),(2676,73,'2015-06-01',2,45),(2677,71,'2015-07-01',2,45),(2678,71,'2015-08-01',2,45),(2679,68,'2015-09-01',2,45),(2680,67,'2015-10-01',2,45),(2681,70,'2015-11-01',2,45),(2682,67,'2015-12-01',2,45),(2683,67,'2016-01-01',2,45),(2684,67,'2016-02-01',2,45),(2685,67,'2016-03-01',2,45),(2686,67,'2016-04-01',2,45),(2687,67,'2016-05-01',2,45),(2688,67,'2016-06-01',2,45),(2689,67,'2016-07-01',2,45),(2690,67,'2016-08-01',2,45),(2691,67,'2016-09-01',2,45),(2692,70,'2016-10-01',2,45),(2693,70,'2016-11-01',2,45),(2694,74,'2016-12-01',2,45),(2695,36,'2013-01-01',4,45),(2696,46,'2013-06-01',4,45),(2697,51,'2015-08-01',4,45),(2698,44,'2015-10-01',4,45),(2699,54,'2016-12-01',4,45),(2700,67,'2014-12-01',5,45),(2701,53,'2015-10-01',5,45),(2702,40,'2016-04-01',5,45),(2703,53,'2016-12-01',5,45),(2704,18,'2012-04-01',6,45),(2705,17,'2012-05-01',6,45),(2706,20,'2012-06-01',6,45),(2707,17,'2012-08-01',6,45),(2708,16,'2012-11-01',6,45),(2709,16,'2012-12-01',6,45),(2710,18,'2013-01-01',6,45),(2711,15,'2013-02-01',6,45),(2712,16,'2013-03-01',6,45),(2713,17,'2013-04-01',6,45),(2714,17,'2013-05-01',6,45),(2715,27,'2013-06-01',6,45),(2716,18,'2013-07-01',6,45),(2717,19,'2013-08-01',6,45),(2718,17,'2013-09-01',6,45),(2719,19,'2013-10-01',6,45),(2720,18,'2013-11-01',6,45),(2721,18,'2013-12-01',6,45),(2722,17,'2014-01-01',6,45),(2723,18,'2014-02-01',6,45),(2724,20,'2014-03-01',6,45),(2725,20,'2014-04-01',6,45),(2726,20,'2014-05-01',6,45),(2727,19,'2014-06-01',6,45),(2728,18,'2014-07-01',6,45),(2729,18,'2014-08-01',6,45),(2730,18,'2014-09-01',6,45),(2731,18,'2014-10-01',6,45),(2732,18,'2014-11-01',6,45),(2733,18,'2014-12-01',6,45),(2734,21,'2015-01-01',6,45),(2735,18,'2015-02-01',6,45),(2736,20,'2015-03-01',6,45),(2737,21,'2015-04-01',6,45),(2738,20,'2015-05-01',6,45),(2739,21,'2015-06-01',6,45),(2740,27,'2015-07-01',6,45),(2741,26,'2015-08-01',6,45),(2742,21,'2015-09-01',6,45),(2743,25,'2015-10-01',6,45),(2744,21,'2015-11-01',6,45),(2745,25,'2015-12-01',6,45),(2746,24,'2016-01-01',6,45),(2747,22,'2016-02-01',6,45),(2748,21,'2016-03-01',6,45),(2749,20,'2016-04-01',6,45),(2750,16,'2016-05-01',6,45),(2751,18,'2016-06-01',6,45),(2752,18,'2016-07-01',6,45),(2753,21,'2016-08-01',6,45),(2754,21,'2016-09-01',6,45),(2755,23,'2016-10-01',6,45),(2756,23,'2016-11-01',6,45),(2757,26,'2016-12-01',6,45),(2758,32,'2012-01-01',1,47),(2759,30,'2012-02-01',1,47),(2760,29,'2012-03-01',1,47),(2761,33,'2012-04-01',1,47),(2762,40,'2012-05-01',1,47),(2763,41,'2012-06-01',1,47),(2764,36,'2012-07-01',1,47),(2765,32,'2012-08-01',1,47),(2766,28,'2012-09-01',1,47),(2767,28,'2012-10-01',1,47),(2768,27,'2012-11-01',1,47),(2769,31,'2012-12-01',1,47),(2770,31,'2013-01-01',1,47),(2771,33,'2013-02-01',1,47),(2772,33,'2013-03-01',1,47),(2773,32,'2013-04-01',1,47),(2774,36,'2013-05-01',1,47),(2775,34,'2013-06-01',1,47),(2776,28,'2013-07-01',1,47),(2777,30,'2013-08-01',1,47),(2778,30,'2013-09-01',1,47),(2779,33,'2013-10-01',1,47),(2780,34,'2013-11-01',1,47),(2781,33,'2013-12-01',1,47),(2782,32,'2014-01-01',1,47),(2783,31,'2014-02-01',1,47),(2784,31,'2014-03-01',1,47),(2785,32,'2014-04-01',1,47),(2786,32,'2014-05-01',1,47),(2787,35,'2014-06-01',1,47),(2788,35,'2014-07-01',1,47),(2789,33,'2014-08-01',1,47),(2790,29,'2014-09-01',1,47),(2791,28,'2014-10-01',1,47),(2792,32,'2014-11-01',1,47),(2793,33,'2014-12-01',1,47),(2794,33,'2015-01-01',1,47),(2795,30,'2015-02-01',1,47),(2796,28,'2015-03-01',1,47),(2797,31,'2015-04-01',1,47),(2798,35,'2015-05-01',1,47),(2799,33,'2015-06-01',1,47),(2800,30,'2015-07-01',1,47),(2801,25,'2015-08-01',1,47),(2802,24,'2015-09-01',1,47),(2803,24,'2015-10-01',1,47),(2804,31,'2015-11-01',1,47),(2805,23,'2015-12-01',1,47),(2806,22,'2016-01-01',1,47),(2807,23,'2016-02-01',1,47),(2808,23,'2016-03-01',1,47),(2809,23,'2016-04-01',1,47),(2810,24,'2016-05-01',1,47),(2811,24,'2016-06-01',1,47),(2812,24,'2016-07-01',1,47),(2813,25,'2016-08-01',1,47),(2814,25,'2016-09-01',1,47),(2815,24,'2016-10-01',1,47),(2816,24,'2016-11-01',1,47),(2817,25,'2016-12-01',1,47),(2818,52,'2012-01-01',2,47),(2819,52,'2012-02-01',2,47),(2820,52,'2012-03-01',2,47),(2821,52,'2012-04-01',2,47),(2822,54,'2012-05-01',2,47),(2823,59,'2012-06-01',2,47),(2824,60,'2012-07-01',2,47),(2825,60,'2012-08-01',2,47),(2826,55,'2012-09-01',2,47),(2827,61,'2012-10-01',2,47),(2828,61,'2012-11-01',2,47),(2829,61,'2012-12-01',2,47),(2830,62,'2013-01-01',2,47),(2831,62,'2013-02-01',2,47),(2832,62,'2013-03-01',2,47),(2833,56,'2013-04-01',2,47),(2834,54,'2013-05-01',2,47),(2835,64,'2013-06-01',2,47),(2836,52,'2013-07-01',2,47),(2837,52,'2013-08-01',2,47),(2838,52,'2013-09-01',2,47),(2839,49,'2013-10-01',2,47),(2840,53,'2013-11-01',2,47),(2841,55,'2013-12-01',2,47),(2842,63,'2014-01-01',2,47),(2843,68,'2014-02-01',2,47),(2844,71,'2014-03-01',2,47),(2845,71,'2014-04-01',2,47),(2846,75,'2014-05-01',2,47),(2847,68,'2014-06-01',2,47),(2848,62,'2014-07-01',2,47),(2849,67,'2014-08-01',2,47),(2850,71,'2014-09-01',2,47),(2851,71,'2014-10-01',2,47),(2852,67,'2014-11-01',2,47),(2853,69,'2014-12-01',2,47),(2854,77,'2015-01-01',2,47),(2855,80,'2015-02-01',2,47),(2856,80,'2015-03-01',2,47),(2857,82,'2015-04-01',2,47),(2858,86,'2015-05-01',2,47),(2859,87,'2015-06-01',2,47),(2860,82,'2015-07-01',2,47),(2861,78,'2015-08-01',2,47),(2862,77,'2015-09-01',2,47),(2863,72,'2015-10-01',2,47),(2864,82,'2015-11-01',2,47),(2865,74,'2015-12-01',2,47),(2866,72,'2016-01-01',2,47),(2867,69,'2016-02-01',2,47),(2868,71,'2016-03-01',2,47),(2869,73,'2016-04-01',2,47),(2870,79,'2016-05-01',2,47),(2871,75,'2016-06-01',2,47),(2872,79,'2016-07-01',2,47),(2873,79,'2016-08-01',2,47),(2874,79,'2016-09-01',2,47),(2875,79,'2016-10-01',2,47),(2876,79,'2016-11-01',2,47),(2877,64,'2016-12-01',2,47),(2878,42,'2012-01-01',4,47),(2879,42,'2012-02-01',4,47),(2880,39,'2012-03-01',4,47),(2881,38,'2012-04-01',4,47),(2882,37,'2012-05-01',4,47),(2883,41,'2012-06-01',4,47),(2884,40,'2012-07-01',4,47),(2885,34,'2012-08-01',4,47),(2886,41,'2012-09-01',4,47),(2887,42,'2012-10-01',4,47),(2888,42,'2012-11-01',4,47),(2889,39,'2012-12-01',4,47),(2890,48,'2013-01-01',4,47),(2891,61,'2013-02-01',4,47),(2892,61,'2013-03-01',4,47),(2893,43,'2013-04-01',4,47),(2894,52,'2013-05-01',4,47),(2895,43,'2013-06-01',4,47),(2896,38,'2013-07-01',4,47),(2897,45,'2013-08-01',4,47),(2898,37,'2013-09-01',4,47),(2899,38,'2013-10-01',4,47),(2900,38,'2013-11-01',4,47),(2901,38,'2013-12-01',4,47),(2902,38,'2014-01-01',4,47),(2903,40,'2014-02-01',4,47),(2904,41,'2014-03-01',4,47),(2905,41,'2014-04-01',4,47),(2906,44,'2014-05-01',4,47),(2907,45,'2014-06-01',4,47),(2908,46,'2014-07-01',4,47),(2909,44,'2014-08-01',4,47),(2910,44,'2014-09-01',4,47),(2911,41,'2014-10-01',4,47),(2912,41,'2014-11-01',4,47),(2913,43,'2014-12-01',4,47),(2914,41,'2015-01-01',4,47),(2915,41,'2015-02-01',4,47),(2916,43,'2015-03-01',4,47),(2917,44,'2015-04-01',4,47),(2918,41,'2015-05-01',4,47),(2919,41,'2015-06-01',4,47),(2920,39,'2015-07-01',4,47),(2921,40,'2015-08-01',4,47),(2922,38,'2015-09-01',4,47),(2923,40,'2015-10-01',4,47),(2924,44,'2015-11-01',4,47),(2925,38,'2015-12-01',4,47),(2926,36,'2016-01-01',4,47),(2927,40,'2016-02-01',4,47),(2928,39,'2016-03-01',4,47),(2929,39,'2016-04-01',4,47),(2930,39,'2016-05-01',4,47),(2931,37,'2016-06-01',4,47),(2932,35,'2016-07-01',4,47),(2933,37,'2016-08-01',4,47),(2934,37,'2016-09-01',4,47),(2935,38,'2016-10-01',4,47),(2936,38,'2016-11-01',4,47),(2937,41,'2016-12-01',4,47),(2938,44,'2014-11-01',5,47),(2939,44,'2014-12-01',5,47),(2940,44,'2015-01-01',5,47),(2941,44,'2015-07-01',5,47),(2942,43,'2015-08-01',5,47),(2943,39,'2015-09-01',5,47),(2944,46,'2015-10-01',5,47),(2945,44,'2015-12-01',5,47),(2946,44,'2016-02-01',5,47),(2947,44,'2016-03-01',5,47),(2948,44,'2016-04-01',5,47),(2949,38,'2012-01-01',6,47),(2950,43,'2012-02-01',6,47),(2951,50,'2012-03-01',6,47),(2952,47,'2012-04-01',6,47),(2953,41,'2012-05-01',6,47),(2954,36,'2012-06-01',6,47),(2955,37,'2012-07-01',6,47),(2956,35,'2012-08-01',6,47),(2957,36,'2012-09-01',6,47),(2958,36,'2012-10-01',6,47),(2959,36,'2012-11-01',6,47),(2960,34,'2012-12-01',6,47),(2961,34,'2013-01-01',6,47),(2962,34,'2013-02-01',6,47),(2963,38,'2013-03-01',6,47),(2964,39,'2013-04-01',6,47),(2965,36,'2013-05-01',6,47),(2966,32,'2013-06-01',6,47),(2967,35,'2013-07-01',6,47),(2968,33,'2013-08-01',6,47),(2969,33,'2013-09-01',6,47),(2970,35,'2013-10-01',6,47),(2971,35,'2013-11-01',6,47),(2972,35,'2013-12-01',6,47),(2973,34,'2014-01-01',6,47),(2974,34,'2014-02-01',6,47),(2975,32,'2014-03-01',6,47),(2976,33,'2014-04-01',6,47),(2977,32,'2014-05-01',6,47),(2978,33,'2014-06-01',6,47),(2979,32,'2014-07-01',6,47),(2980,33,'2014-08-01',6,47),(2981,27,'2014-09-01',6,47),(2982,34,'2014-10-01',6,47),(2983,33,'2014-11-01',6,47),(2984,35,'2014-12-01',6,47),(2985,36,'2015-01-01',6,47),(2986,35,'2015-02-01',6,47),(2987,34,'2015-03-01',6,47),(2988,35,'2015-04-01',6,47),(2989,34,'2015-05-01',6,47),(2990,33,'2015-06-01',6,47),(2991,33,'2015-07-01',6,47),(2992,34,'2015-08-01',6,47),(2993,33,'2015-09-01',6,47),(2994,30,'2015-10-01',6,47),(2995,35,'2015-11-01',6,47),(2996,34,'2015-12-01',6,47),(2997,34,'2016-01-01',6,47),(2998,33,'2016-02-01',6,47),(2999,33,'2016-03-01',6,47),(3000,33,'2016-04-01',6,47),(3001,33,'2016-05-01',6,47),(3002,34,'2016-06-01',6,47),(3003,31,'2016-07-01',6,47),(3004,29,'2016-08-01',6,47),(3005,29,'2016-09-01',6,47),(3006,31,'2016-10-01',6,47),(3007,31,'2016-11-01',6,47),(3008,30,'2016-12-01',6,47);
/*!40000 ALTER TABLE `dashapp_commodityprices` ENABLE KEYS */;
UNLOCK TABLES;

--
-- Table structure for table `dashapp_county`
--

DROP TABLE IF EXISTS `dashapp_county`;
/*!40101 SET @saved_cs_client     = @@character_set_client */;
/*!50503 SET character_set_client = utf8mb4 */;
CREATE TABLE `dashapp_county` (
  `county_id` int NOT NULL,
  `name` varchar(255) NOT NULL,
  `population_density` double NOT NULL,
  `capital` varchar(255) NOT NULL,
  PRIMARY KEY (`county_id`)
) ENGINE=InnoDB DEFAULT CHARSET=utf8mb4 COLLATE=utf8mb4_0900_ai_ci;
/*!40101 SET character_set_client = @saved_cs_client */;

--
-- Dumping data for table `dashapp_county`
--

LOCK TABLES `dashapp_county` WRITE;
/*!40000 ALTER TABLE `dashapp_county` DISABLE KEYS */;
INSERT INTO `dashapp_county` VALUES (1,'mombasa',4420.56,'Mombasa'),(2,'kwale',78.59,'Kwale'),(3,'kilifi',90.62,'Kilifi'),(4,'tana river',6.79,'Hola'),(5,'lamu',15.63,'Lamu'),(6,'taita-taveta',16.66,'Voi'),(7,'garissa',13.63,'Garissa'),(8,'wajir',11.85,'Wajir'),(9,'mandera',39.76,'Mandera'),(10,'marsabit',4.35,'Marsabit'),(11,'isiolo',5.66,'Isiolo'),(12,'meru',195.71,'Meru'),(13,'tharaka-nithi',151.62,'Chuka'),(14,'embu',201.97,'Embu'),(15,'kitui',41.53,'Kitui'),(16,'machakos',184.55,'Machakos'),(17,'makueni',110.44,'Wote'),(18,'nyandarua',191.87,'Ol Kalou'),(19,'nyeri',293.76,'Nyeri'),(20,'kirinyaga',438.07,'Kerugoya'),(21,'murang\'a',405.27,'Murang\'a'),(22,'kiambu',662.78,'Kiambu'),(23,'turkana',11.95,'Lodwar'),(24,'west pokot',60.9,'Kapenguria'),(25,'samburu',11.1,'Maralal'),(26,'trans nzoia',331.49,'Kitale'),(27,'uasin gishu',302.57,'Eldoret'),(28,'elgeyo-marakwet',121.32,'Iten'),(29,'nandi',261.04,'Kapsabet'),(30,'baringo',50.16,'Kabarnet'),(31,'laikipia',45.91,'Rumuruti'),(32,'nakuru',213.51,'Nakuru'),(33,'narok',47.48,'Narok'),(34,'kajiado',32.28,'Kajiado'),(35,'kericho',306.54,'Kericho'),(36,'bomet',365.45,'Bomet'),(37,'kakamega',547.38,'Kakamega'),(38,'vihiga',1043.9,'Vihiga'),(39,'bungoma',623.07,'Bungoma'),(40,'busia',456.86,'Busia'),(41,'siaya',337.45,'Siaya'),(42,'kisumu',482.16,'Kisumu'),(43,'homa bay',305.51,'Homa Bay'),(44,'migori',354.61,'Migori'),(45,'kisii',874.33,'Kisii'),(46,'nyamira',655.62,'Nyamira'),(47,'nairobi city',4516.29,'Nairobi');
/*!40000 ALTER TABLE `dashapp_county` ENABLE KEYS */;
UNLOCK TABLES;

--
-- Table structure for table `dashapp_fertilizerimports`
--

DROP TABLE IF EXISTS `dashapp_fertilizerimports`;
/*!40101 SET @saved_cs_client     = @@character_set_client */;
/*!50503 SET character_set_client = utf8mb4 */;
CREATE TABLE `dashapp_fertilizerimports` (
  `id` bigint NOT NULL AUTO_INCREMENT,
  `year` int NOT NULL,
  `quantity` double NOT NULL,
  PRIMARY KEY (`id`)
) ENGINE=InnoDB AUTO_INCREMENT=7 DEFAULT CHARSET=utf8mb4 COLLATE=utf8mb4_0900_ai_ci;
/*!40101 SET character_set_client = @saved_cs_client */;

--
-- Dumping data for table `dashapp_fertilizerimports`
--

LOCK TABLES `dashapp_fertilizerimports` WRITE;
/*!40000 ALTER TABLE `dashapp_fertilizerimports` DISABLE KEYS */;
INSERT INTO `dashapp_fertilizerimports` VALUES (1,2011,525070),(2,2012,445617),(3,2013,690675),(4,2014,495513),(5,2015,557237),(6,2016,670254);
/*!40000 ALTER TABLE `dashapp_fertilizerimports` ENABLE KEYS */;
UNLOCK TABLES;

--
-- Table structure for table `dashapp_productions`
--

DROP TABLE IF EXISTS `dashapp_productions`;
/*!40101 SET @saved_cs_client     = @@character_set_client */;
/*!50503 SET character_set_client = utf8mb4 */;
CREATE TABLE `dashapp_productions` (
  `id` bigint NOT NULL AUTO_INCREMENT,
  `year` int NOT NULL,
  `quantity_per_area` double NOT NULL,
  `commodity_id` bigint NOT NULL,
  `county_id` int NOT NULL,
  PRIMARY KEY (`id`),
  KEY `dashapp_productions_commodity_id_a93d6616_fk_dashapp_c` (`commodity_id`),
  KEY `dashapp_productions_county_id_69fecd5f_fk_dashapp_c` (`county_id`),
  CONSTRAINT `dashapp_productions_commodity_id_a93d6616_fk_dashapp_c` FOREIGN KEY (`commodity_id`) REFERENCES `dashapp_commodity` (`id`),
  CONSTRAINT `dashapp_productions_county_id_69fecd5f_fk_dashapp_c` FOREIGN KEY (`county_id`) REFERENCES `dashapp_county` (`county_id`)
) ENGINE=InnoDB AUTO_INCREMENT=1425 DEFAULT CHARSET=utf8mb4 COLLATE=utf8mb4_0900_ai_ci;
/*!40101 SET character_set_client = @saved_cs_client */;

--
-- Dumping data for table `dashapp_productions`
--

LOCK TABLES `dashapp_productions` WRITE;
/*!40000 ALTER TABLE `dashapp_productions` DISABLE KEYS */;
INSERT INTO `dashapp_productions` VALUES (1,2017,1.37,1,30),(2,2017,1.67,1,36),(3,2017,3.03,1,39),(4,2017,1.61,1,40),(5,2017,2.85,1,28),(6,2017,0.62,1,14),(7,2017,0.95,1,7),(8,2017,1.41,1,43),(9,2017,0.78,1,11),(10,2017,0.84,1,34),(11,2017,2.51,1,37),(12,2017,3.14,1,35),(13,2017,0.86,1,22),(14,2017,0.79,1,3),(15,2017,1.03,1,20),(16,2017,2.24,1,45),(17,2017,1.05,1,42),(18,2017,0.16,1,15),(19,2017,1.17,1,2),(20,2017,1.89,1,31),(21,2017,1.24,1,5),(22,2017,0.5,1,16),(23,2017,0.24,1,17),(24,2017,0.47,1,9),(25,2017,0.53,1,10),(26,2017,0.75,1,12),(27,2017,1.36,1,44),(28,2017,0.85,1,1),(29,2017,0.63,1,21),(30,2017,0.65,1,47),(31,2017,2.33,1,32),(32,2017,3.05,1,29),(33,2017,2.26,1,33),(34,2017,1.43,1,46),(35,2017,1.34,1,18),(36,2017,0.85,1,19),(37,2017,1.89,1,25),(38,2017,1.22,1,41),(39,2017,0.63,1,6),(40,2017,1.04,1,4),(41,2017,0.69,1,13),(42,2017,3.69,1,26),(43,2017,0.65,1,23),(44,2017,3.12,1,27),(45,2017,1.49,1,38),(46,2017,1.3,1,8),(47,2017,1.5,1,24),(48,2018,12.12,1,30),(49,2018,17.23,1,36),(50,2018,40.57,1,39),(51,2018,21.48,1,40),(52,2018,19.53,1,28),(53,2018,7.16,1,14),(54,2018,8.45,1,7),(55,2018,24.27,1,43),(56,2018,5.359999999999999,1,11),(57,2018,11.01,1,34),(58,2018,47.18,1,37),(59,2018,18.9,1,35),(60,2018,23.73,1,22),(61,2018,10.85,1,3),(62,2018,9.94,1,20),(63,2018,37.89,1,45),(64,2018,15.9,1,42),(65,2018,4.95,1,15),(66,2018,7.34,1,2),(67,2018,6.45,1,31),(68,2018,4.1,1,5),(69,2018,10.1,1,16),(70,2018,6.33,1,17),(71,2018,1.36,1,10),(72,2018,24.78,1,12),(73,2018,24.6,1,44),(74,2018,4.4,1,1),(75,2018,17.830000000000002,1,21),(76,2018,25.59,1,47),(77,2018,27.48,1,32),(78,2018,28.73,1,29),(79,2018,23.54,1,33),(80,2018,18.23,1,46),(81,2018,19.73,1,18),(82,2018,20.41,1,19),(83,2018,6.09,1,25),(84,2018,12.48,1,41),(85,2018,8.35,1,6),(86,2018,3.6,1,4),(87,2018,6.83,1,13),(88,2018,24.950000000000003,1,26),(89,2018,11.72,1,23),(90,2018,25.6,1,27),(91,2018,10.98,1,38),(92,2018,20.900000000000002,1,8),(93,2018,8.6,1,24),(94,2012,1.81,1,30),(95,2013,1.92,1,30),(96,2014,1,1,30),(97,2015,1.89,1,30),(98,2016,2.19,1,30),(99,2012,2.24,1,36),(100,2013,2.36,1,36),(101,2014,1.72,1,36),(102,2015,1.08,1,36),(103,2016,1.41,1,36),(104,2012,2.73,1,39),(105,2013,2.39,1,39),(106,2014,2.73,1,39),(107,2015,2.67,1,39),(108,2016,2.99,1,39),(109,2012,1.19,1,40),(110,2013,1.38,1,40),(111,2014,1.44,1,40),(112,2015,1.7,1,40),(113,2016,0.95,1,40),(114,2012,2.92,1,28),(115,2013,3.17,1,28),(116,2014,3.75,1,28),(117,2015,2.32,1,28),(118,2016,2.25,1,28),(119,2012,1.03,1,14),(120,2013,1.31,1,14),(121,2014,1,1,14),(122,2015,1.27,1,14),(123,2016,0.65,1,14),(124,2012,0.95,1,7),(125,2013,0.97,1,7),(126,2014,0.81,1,7),(127,2015,0.87,1,7),(128,2016,0.91,1,7),(129,2012,1.45,1,43),(130,2013,1.48,1,43),(131,2014,1.56,1,43),(132,2015,1.64,1,43),(133,2016,1.15,1,43),(134,2012,0.99,1,11),(135,2013,1.06,1,11),(136,2014,0.47,1,11),(137,2015,1.21,1,11),(138,2016,0.67,1,11),(139,2012,0.07,1,34),(140,2013,1.83,1,34),(141,2014,2.37,1,34),(142,2015,0.53,1,34),(143,2016,0.34,1,34),(144,2012,2.26,1,37),(145,2013,2.35,1,37),(146,2014,2.57,1,37),(147,2015,2.86,1,37),(148,2016,2.2,1,37),(149,2012,2.35,1,35),(150,2013,1.94,1,35),(151,2014,1.68,1,35),(152,2015,2.16,1,35),(153,2016,2.41,1,35),(154,2012,0.62,1,22),(155,2013,0.5,1,22),(156,2014,0.3,1,22),(157,2015,1.75,1,22),(158,2016,1.41,1,22),(159,2012,0.26,1,3),(160,2013,0.48,1,3),(161,2014,0.46,1,3),(162,2015,1.17,1,3),(163,2016,0.42,1,3),(164,2012,1.46,1,20),(165,2013,1.2,1,20),(166,2014,1.13,1,20),(167,2015,1.54,1,20),(168,2016,0.87,1,20),(169,2012,1.64,1,45),(170,2013,2.06,1,45),(171,2014,1.92,1,45),(172,2015,1.32,1,45),(173,2016,1.31,1,45),(174,2012,2.92,1,42),(175,2013,1.92,1,42),(176,2014,2.01,1,42),(177,2015,1.21,1,42),(178,2016,0.4,1,42),(179,2012,0.72,1,15),(180,2013,0.4,1,15),(181,2014,0.36,1,15),(182,2015,0.55,1,15),(183,2016,0.08,1,15),(184,2012,0.33,1,2),(185,2013,0.33,1,2),(186,2014,0.91,1,2),(187,2015,1.24,1,2),(188,2016,0.34,1,2),(189,2012,3.31,1,31),(190,2013,0.88,1,31),(191,2014,1.05,1,31),(192,2015,1.39,1,31),(193,2016,0.17,1,31),(194,2012,0.96,1,5),(195,2013,1.57,1,5),(196,2014,1.01,1,5),(197,2015,2.14,1,5),(198,2016,1.06,1,5),(199,2012,0.61,1,16),(200,2013,0.69,1,16),(201,2014,0.45,1,16),(202,2015,0.97,1,16),(203,2016,0.88,1,16),(204,2012,0.7,1,17),(205,2013,0.45,1,17),(206,2014,0.43,1,17),(207,2015,1.02,1,17),(208,2016,0.55,1,17),(209,2012,0.02,1,9),(210,2013,0.67,1,9),(211,2014,0.6,1,9),(212,2015,0.35,1,9),(213,2016,0.49,1,9),(214,2012,0.78,1,10),(215,2013,1,1,10),(216,2014,1.01,1,10),(217,2015,1.02,1,10),(218,2016,0.53,1,10),(219,2012,1.48,1,12),(220,2013,0.97,1,12),(221,2014,1.01,1,12),(222,2015,1.16,1,12),(223,2016,1.12,1,12),(224,2012,1.24,1,44),(225,2013,0.77,1,44),(226,2014,1.24,1,44),(227,2015,2.28,1,44),(228,2016,0.93,1,44),(229,2012,0.45,1,1),(230,2013,0.41,1,1),(231,2014,0.52,1,1),(232,2015,0.78,1,1),(233,2016,0.1,1,1),(234,2012,0.89,1,21),(235,2013,0.93,1,21),(236,2014,0.85,1,21),(237,2015,1.1,1,21),(238,2016,0.74,1,21),(239,2012,0.84,1,47),(240,2013,0.79,1,47),(241,2014,0.81,1,47),(242,2015,1.26,1,47),(243,2016,1.1,1,47),(244,2012,3.33,1,32),(245,2013,2.55,1,32),(246,2014,1.84,1,32),(247,2015,1.57,1,32),(248,2016,2.36,1,32),(249,2012,2.96,1,29),(250,2013,2.41,1,29),(251,2014,2.26,1,29),(252,2015,2.8,1,29),(253,2016,2.92,1,29),(254,2012,1.68,1,33),(255,2013,2.77,1,33),(256,2014,2.39,1,33),(257,2015,1.61,1,33),(258,2016,2.35,1,33),(259,2012,1.78,1,46),(260,2013,1.17,1,46),(261,2014,1.16,1,46),(262,2015,1.5,1,46),(263,2016,1.33,1,46),(264,2012,1.4,1,18),(265,2013,1.5,1,18),(266,2014,1.26,1,18),(267,2015,1.48,1,18),(268,2016,1.26,1,18),(269,2012,0.78,1,19),(270,2013,0.78,1,19),(271,2014,0.72,1,19),(272,2015,1.32,1,19),(273,2016,0.54,1,19),(274,2012,0.83,1,25),(275,2013,1.3,1,25),(276,2014,1.05,1,25),(277,2015,0.19,1,25),(278,2016,2.13,1,25),(279,2012,1.28,1,41),(280,2013,1.61,1,41),(281,2014,1.58,1,41),(282,2015,1.63,1,41),(283,2016,0.85,1,41),(284,2012,0.37,1,6),(285,2013,1.07,1,6),(286,2014,1.26,1,6),(287,2015,0.74,1,6),(288,2016,0.58,1,6),(289,2012,0.85,1,4),(290,2013,1.15,1,4),(291,2014,1.19,1,4),(292,2015,1.18,1,4),(293,2016,1.43,1,4),(294,2012,1.43,1,13),(295,2013,0.82,1,13),(296,2014,0.85,1,13),(297,2015,1.39,1,13),(298,2016,0.71,1,13),(299,2012,4.14,1,26),(300,2013,4.04,1,26),(301,2014,4.23,1,26),(302,2015,3.87,1,26),(303,2016,3.82,1,26),(304,2012,1.57,1,23),(305,2013,1.87,1,23),(306,2014,1.64,1,23),(307,2015,0.63,1,23),(308,2016,1.19,1,23),(309,2012,2.82,1,27),(310,2013,4.09,1,27),(311,2014,3.93,1,27),(312,2015,3.89,1,27),(313,2016,3.95,1,27),(314,2012,1.55,1,38),(315,2013,1.5,1,38),(316,2014,1.54,1,38),(317,2015,1.25,1,38),(318,2016,1.41,1,38),(319,2012,0.71,1,8),(320,2013,0.68,1,8),(321,2014,0.17,1,8),(322,2015,0.45,1,8),(323,2012,3.35,1,24),(324,2013,2.82,1,24),(325,2014,2.35,1,24),(326,2015,1.82,1,24),(327,2016,2.37,1,24),(328,2012,0.9,2,30),(329,2013,1.28,2,30),(330,2014,1.32,2,30),(331,2015,0.57,2,30),(332,2016,0.77,2,30),(333,2012,1.14,2,36),(334,2013,0.94,2,36),(335,2014,1.19,2,36),(336,2015,1.24,2,36),(337,2016,0.78,2,36),(338,2012,1.3,2,39),(339,2013,0.72,2,39),(340,2014,0.66,2,39),(341,2015,1.18,2,39),(342,2016,1.13,2,39),(343,2012,0.83,2,40),(344,2013,1.01,2,40),(345,2014,1.43,2,40),(346,2015,1.07,2,40),(347,2016,0.33,2,40),(348,2012,1.22,2,28),(349,2013,0.84,2,28),(350,2014,0.76,2,28),(351,2015,0.76,2,28),(352,2016,0.55,2,28),(353,2012,1,2,14),(354,2013,1.05,2,14),(355,2014,0.87,2,14),(356,2015,1.29,2,14),(357,2016,1.41,2,14),(358,2012,0.52,2,43),(359,2013,1.73,2,43),(360,2014,1.69,2,43),(361,2015,0.5,2,43),(362,2016,0.65,2,43),(363,2012,1.1,2,34),(364,2013,0.74,2,34),(365,2014,0.23,2,34),(366,2015,1.47,2,34),(367,2016,1.14,2,34),(368,2012,0.62,2,37),(369,2013,1.15,2,37),(370,2014,0.82,2,37),(371,2015,0.64,2,37),(372,2016,0.78,2,37),(373,2012,1.4,2,35),(374,2013,0.83,2,35),(375,2014,1,2,35),(376,2015,0.91,2,35),(377,2016,0.66,2,35),(378,2012,0.88,2,3),(379,2013,1.24,2,3),(380,2014,1.71,2,3),(381,2015,1.35,2,3),(382,2016,0.54,2,3),(383,2012,1.3,2,20),(384,2013,0.92,2,20),(385,2014,0.83,2,20),(386,2015,1,2,20),(387,2016,0.89,2,20),(388,2012,0.94,2,45),(389,2013,2.54,2,45),(390,2014,2.64,2,45),(391,2015,1.02,2,45),(392,2016,0.94,2,45),(393,2012,0.59,2,42),(394,2013,0.1,2,42),(395,2014,0.26,2,42),(396,2015,1.12,2,42),(397,2016,0.97,2,42),(398,2012,0.61,2,15),(399,2013,0.47,2,15),(400,2014,0.98,2,15),(401,2015,0.63,2,15),(402,2016,0.32,2,15),(403,2012,1.22,2,2),(404,2013,0.68,2,2),(405,2014,0,2,2),(406,2015,1.33,2,2),(407,2016,0.44,2,2),(408,2012,0.94,2,31),(409,2013,0.94,2,31),(410,2014,1.02,2,31),(411,2015,0.72,2,31),(412,2016,0.78,2,31),(413,2012,0.54,2,5),(414,2013,0.69,2,5),(415,2014,0.29,2,5),(416,2015,0.54,2,5),(417,2016,1,2,5),(418,2012,1.13,2,16),(419,2013,0.76,2,16),(420,2014,1.71,2,16),(421,2015,1.02,2,16),(422,2016,0.37,2,16),(423,2012,0.56,2,17),(424,2013,0.19,2,17),(425,2014,0.28,2,17),(426,2015,1.31,2,17),(427,2016,0.97,2,17),(428,2012,0.49,2,12),(429,2013,0.51,2,12),(430,2014,0.53,2,12),(431,2015,1.24,2,12),(432,2016,1,2,12),(433,2012,0.81,2,44),(434,2013,0.18,2,44),(435,2014,0.29,2,44),(436,2015,0.99,2,44),(437,2016,0.78,2,44),(438,2012,1.27,2,32),(439,2013,1.15,2,32),(440,2014,0.31,2,32),(441,2015,1.04,2,32),(442,2016,0.82,2,32),(443,2012,1.31,2,29),(444,2013,0.85,2,29),(445,2014,0.99,2,29),(446,2015,1.47,2,29),(447,2016,1.09,2,29),(448,2012,0.74,2,33),(449,2013,1.16,2,33),(450,2014,0.89,2,33),(451,2015,1.05,2,33),(452,2016,0.96,2,33),(453,2012,0.45,2,46),(454,2013,0.83,2,46),(455,2014,1.04,2,46),(456,2015,1.04,2,46),(457,2016,0.95,2,46),(458,2012,0.49,2,41),(459,2013,0.37,2,41),(460,2014,0.45,2,41),(461,2015,1.29,2,41),(462,2016,1.24,2,41),(463,2012,1.18,2,6),(464,2013,1.47,2,6),(465,2014,0.16,2,6),(466,2015,0.78,2,6),(467,2016,1,2,6),(468,2012,1,2,4),(469,2013,0.62,2,4),(470,2014,1.06,2,4),(471,2015,1.12,2,4),(472,2016,1.14,2,4),(473,2012,0.55,2,13),(474,2013,1.53,2,13),(475,2014,1.16,2,13),(476,2015,0.57,2,13),(477,2016,0.59,2,13),(478,2012,1.16,2,26),(479,2013,1.12,2,26),(480,2014,1.05,2,26),(481,2015,1.04,2,26),(482,2016,1,2,26),(483,2012,0.91,2,27),(484,2013,1.5,2,27),(485,2014,0.89,2,27),(486,2015,1.27,2,27),(487,2016,0.98,2,27),(488,2012,0.71,2,38),(489,2013,0.71,2,38),(490,2014,0.96,2,38),(491,2015,0.7,2,38),(492,2016,0.95,2,38),(493,2012,0.88,2,24),(494,2013,0.76,2,24),(495,2014,0.72,2,24),(496,2015,0.84,2,24),(497,2016,0.83,2,24),(498,2017,5.81,2,30),(499,2017,9.13,2,36),(500,2017,12.4,2,39),(501,2017,8.72,2,40),(502,2017,4.73,2,28),(503,2017,5.38,2,14),(504,2017,0,2,7),(505,2017,0.72,2,43),(506,2017,0,2,11),(507,2017,1.73,2,34),(508,2017,11.77,2,37),(509,2017,5.67,2,35),(510,2017,0,2,22),(511,2017,1.01,2,3),(512,2017,0.64,2,20),(513,2017,14.39,2,45),(514,2017,0.99,2,42),(515,2017,4.15,2,15),(516,2017,0.4,2,2),(517,2017,1.48,2,31),(518,2017,0.67,2,5),(519,2017,3.04,2,16),(520,2017,5.88,2,17),(521,2017,0,2,9),(522,2017,0,2,10),(523,2017,11.62,2,12),(524,2017,8.709999999999999,2,44),(525,2017,0,2,1),(526,2017,0,2,21),(527,2017,0.1,2,47),(528,2017,13.24,2,32),(529,2017,5.1000000000000005,2,29),(530,2017,9.47,2,33),(531,2017,9.71,2,46),(532,2017,0,2,18),(533,2017,0,2,19),(534,2017,0,2,25),(535,2017,4.86,2,41),(536,2017,0.37,2,6),(537,2017,0.5800000000000001,2,4),(538,2017,7.930000000000001,2,13),(539,2017,5.23,2,26),(540,2017,0,2,23),(541,2017,7.42,2,27),(542,2017,5.3,2,38),(543,2017,0,2,8),(544,2017,2.76,2,24),(545,2018,0.51,2,30),(546,2018,1.63,2,36),(547,2018,2.67,2,39),(548,2018,2.59,2,40),(549,2018,1.6300000000000001,2,28),(550,2018,1.48,2,14),(551,2018,0.8,2,43),(552,2018,0.25,2,34),(553,2018,1.21,2,37),(554,2018,0.9,2,35),(555,2018,0.5,2,3),(556,2018,0.73,2,20),(557,2018,1.9,2,45),(558,2018,0.83,2,42),(559,2018,0.88,2,15),(560,2018,0.33,2,2),(561,2018,1.4500000000000002,2,31),(562,2018,1.9100000000000001,2,5),(563,2018,0.58,2,16),(564,2018,1.23,2,17),(565,2018,1.12,2,12),(566,2018,1.61,2,44),(567,2018,2.05,2,32),(568,2018,2.06,2,29),(569,2018,2.17,2,33),(570,2018,1.44,2,46),(571,2018,3.7,2,41),(572,2018,1.96,2,13),(573,2018,2.6799999999999997,2,26),(574,2018,1.11,2,27),(575,2018,1.6,2,38),(576,2018,1.55,2,8),(577,2018,0.77,2,24),(578,2012,3.6,3,30),(579,2013,4.24,3,30),(580,2014,2.96,3,30),(581,2015,2.8,3,30),(582,2016,1.88,3,30),(583,2012,2.71,3,39),(584,2013,3.3,3,39),(585,2014,2.55,3,39),(586,2015,3.04,3,39),(587,2016,2.38,3,39),(588,2012,2.3,3,40),(589,2013,2.02,3,40),(590,2014,2.02,3,40),(591,2015,4,3,40),(592,2016,3.96,3,40),(593,2012,2.07,3,28),(594,2013,1.33,3,28),(595,2014,1.43,3,28),(596,2015,2.91,3,28),(597,2016,2.74,3,28),(598,2012,3.6,3,14),(599,2013,2.31,3,14),(600,2014,3,3,14),(601,2015,3,3,14),(602,2016,3.33,3,14),(603,2012,3.6,3,7),(604,2013,1.36,3,7),(605,2014,2.13,3,7),(606,2015,2.44,3,7),(607,2016,2.69,3,7),(608,2012,4.2,3,43),(609,2013,3.67,3,43),(610,2014,3.39,3,43),(611,2015,2.53,3,43),(612,2016,1.96,3,43),(613,2012,2.49,3,37),(614,2013,3.79,3,37),(615,2014,3.81,3,37),(616,2015,2.18,3,37),(617,2016,3.35,3,37),(618,2012,1.96,3,3),(619,2013,0.53,3,3),(620,2014,2.38,3,3),(621,2015,3.06,3,3),(622,2016,2.55,3,3),(623,2012,5.9,3,20),(624,2013,6.4,3,20),(625,2014,4,3,20),(626,2015,4.15,3,20),(627,2016,3.48,3,20),(628,2012,4.3,3,42),(629,2013,3.78,3,42),(630,2014,4.05,3,42),(631,2015,3.82,3,42),(632,2016,3.41,3,42),(633,2012,3.6,3,2),(634,2013,4.26,3,2),(635,2014,3.42,3,2),(636,2015,3.51,3,2),(637,2016,2.14,3,2),(638,2012,2.79,3,5),(639,2013,2.57,3,5),(640,2014,2.79,3,5),(641,2015,2.23,3,5),(642,2016,1.82,3,5),(643,2012,5,3,12),(644,2013,5.71,3,12),(645,2014,2.65,3,12),(646,2015,2.91,3,12),(647,2016,3.8,3,12),(648,2012,3.6,3,44),(649,2013,0.3,3,44),(650,2014,2.09,3,44),(651,2015,2.57,3,44),(652,2016,2.7,3,44),(653,2012,2.95,3,21),(654,2013,0.79,3,21),(655,2014,2.53,3,21),(656,2015,2.51,3,21),(657,2016,2.58,3,21),(658,2012,2.66,3,19),(659,2013,3.29,3,19),(660,2014,2.53,3,19),(661,2015,3.05,3,19),(662,2016,3.17,3,19),(663,2012,4.29,3,41),(664,2013,2.7,3,41),(665,2014,3.07,3,41),(666,2015,2.16,3,41),(667,2016,2.45,3,41),(668,2012,2.58,3,6),(669,2013,5.27,3,6),(670,2014,5.27,3,6),(671,2015,4.19,3,6),(672,2016,2.52,3,6),(673,2012,4.9,3,4),(674,2013,6.07,3,4),(675,2014,3.13,3,4),(676,2015,3.53,3,4),(677,2016,3.75,3,4),(678,2012,3.33,3,13),(679,2013,2.29,3,13),(680,2014,2.64,3,13),(681,2015,3.47,3,13),(682,2016,3.35,3,13),(683,2012,1.97,3,38),(684,2013,2.04,3,38),(685,2014,2.15,3,38),(686,2015,3.19,3,38),(687,2016,1.99,3,38),(688,2017,0.17,3,30),(689,2017,0,3,36),(690,2017,0.17,3,39),(691,2017,0.23,3,40),(692,2017,0.13,3,28),(693,2017,0,3,14),(694,2017,0.22,3,7),(695,2017,0.19,3,43),(696,2017,0,3,11),(697,2017,0,3,34),(698,2017,0.21,3,37),(699,2017,0,3,35),(700,2017,0,3,22),(701,2017,0.13,3,3),(702,2017,0.37,3,20),(703,2017,0,3,45),(704,2017,0.29,3,42),(705,2017,0,3,15),(706,2017,0.11,3,2),(707,2017,0,3,31),(708,2017,0.25,3,5),(709,2017,0,3,16),(710,2017,0,3,17),(711,2017,0,3,9),(712,2017,0,3,10),(713,2017,0.13,3,12),(714,2017,0.06,3,44),(715,2017,0,3,1),(716,2017,0.19,3,21),(717,2017,0,3,47),(718,2017,0,3,32),(719,2017,0,3,29),(720,2017,0,3,33),(721,2017,0,3,46),(722,2017,0,3,18),(723,2017,0,3,19),(724,2017,0,3,25),(725,2017,0.2,3,41),(726,2017,0.36,3,6),(727,2017,0.2,3,4),(728,2017,0.08,3,13),(729,2017,0,3,26),(730,2017,0,3,23),(731,2017,0,3,27),(732,2017,0,3,38),(733,2017,0,3,8),(734,2017,0,3,24),(735,2018,4.6,3,30),(736,2018,0,3,36),(737,2018,6.6,3,39),(738,2018,6,3,40),(739,2018,3.88,3,43),(740,2018,0.96,3,37),(741,2018,1.88,3,3),(742,2018,8.58,3,20),(743,2018,10,3,42),(744,2018,0.9299999999999999,3,2),(745,2018,1.17,3,12),(746,2018,3.59,3,44),(747,2018,0,3,1),(748,2018,3.76,3,21),(749,2018,7.51,3,41),(750,2018,3.48,3,6),(751,2018,1.8599999999999999,3,4),(752,2018,1.42,3,13),(753,2012,0.82,4,30),(754,2013,0.87,4,30),(755,2014,0.9,4,30),(756,2015,0.8,4,30),(757,2016,2.77,4,30),(758,2012,1.37,4,36),(759,2013,0.88,4,36),(760,2014,1.11,4,36),(761,2015,1.62,4,36),(762,2016,2.03,4,36),(763,2012,1.12,4,39),(764,2013,1.08,4,39),(765,2014,1.02,4,39),(766,2015,0.99,4,39),(767,2016,0.75,4,39),(768,2012,1.12,4,40),(769,2013,1.39,4,40),(770,2014,1.33,4,40),(771,2015,1.1,4,40),(772,2016,1.78,4,40),(773,2012,2.06,4,28),(774,2013,1.93,4,28),(775,2014,1.08,4,28),(776,2015,1.24,4,28),(777,2016,1.53,4,28),(778,2012,0.71,4,14),(779,2013,1.01,4,14),(780,2014,0.97,4,14),(781,2015,1.62,4,14),(782,2016,1.81,4,14),(783,2012,0.08,4,7),(784,2013,0.23,4,7),(785,2014,0.97,4,7),(786,2015,0.73,4,7),(787,2016,0.45,4,7),(788,2012,1.4,4,43),(789,2013,1.33,4,43),(790,2014,1.58,4,43),(791,2015,1.98,4,43),(792,2016,1.08,4,43),(793,2012,0.46,4,11),(794,2013,0.62,4,11),(795,2014,0.53,4,11),(796,2015,0.5,4,11),(797,2016,0.49,4,11),(798,2012,0.23,4,34),(799,2013,0.71,4,34),(800,2014,0.56,4,34),(801,2015,2.02,4,34),(802,2016,1.12,4,34),(803,2012,0.95,4,37),(804,2013,0.72,4,37),(805,2014,0.93,4,37),(806,2015,1.92,4,37),(807,2016,1.12,4,37),(808,2012,1.4,4,35),(809,2013,1.93,4,35),(810,2014,1.8,4,35),(811,2015,1.89,4,35),(812,2016,1.49,4,35),(813,2012,0,4,22),(814,2013,0,4,22),(815,2014,0,4,22),(816,2015,0.96,4,22),(817,2016,0.65,4,22),(818,2012,0.24,4,3),(819,2013,0.36,4,3),(820,2014,0.27,4,3),(821,2015,1,4,3),(822,2016,0.54,4,3),(823,2012,0.73,4,20),(824,2013,0.59,4,20),(825,2014,0.5,4,20),(826,2015,1.2,4,20),(827,2016,0.81,4,20),(828,2012,1.1,4,45),(829,2013,3.69,4,45),(830,2014,4.56,4,45),(831,2015,1.64,4,45),(832,2016,1.01,4,45),(833,2012,1.02,4,42),(834,2013,1.83,4,42),(835,2014,1.7,4,42),(836,2015,1.41,4,42),(837,2016,0.31,4,42),(838,2012,0.35,4,15),(839,2013,0.33,4,15),(840,2014,0.65,4,15),(841,2015,0.81,4,15),(842,2016,0.2,4,15),(843,2012,0.2,4,2),(844,2013,0.81,4,2),(845,2014,0.39,4,2),(846,2015,0.87,4,2),(847,2016,0.26,4,2),(848,2012,1.35,4,31),(849,2013,0.45,4,31),(850,2014,0.46,4,31),(851,2015,1.71,4,31),(852,2016,1.71,4,31),(853,2012,0.54,4,5),(854,2013,0.82,4,5),(855,2014,1.01,4,5),(856,2015,1.1,4,5),(857,2016,0.83,4,5),(858,2012,0.43,4,16),(859,2013,1.12,4,16),(860,2014,0.76,4,16),(861,2015,1.12,4,16),(862,2016,0.97,4,16),(863,2012,0.51,4,17),(864,2013,0.48,4,17),(865,2014,0.29,4,17),(866,2015,1.28,4,17),(867,2016,0.99,4,17),(868,2012,0.04,4,9),(869,2013,0.32,4,9),(870,2014,0.13,4,9),(871,2015,0.34,4,9),(872,2016,0.18,4,9),(873,2012,0.27,4,10),(874,2013,0.17,4,10),(875,2014,0.31,4,10),(876,2015,1.23,4,10),(877,2016,0.07,4,10),(878,2012,1.05,4,12),(879,2013,0.66,4,12),(880,2014,0.69,4,12),(881,2015,1.56,4,12),(882,2016,1.26,4,12),(883,2012,1.32,4,44),(884,2013,0.68,4,44),(885,2014,0.98,4,44),(886,2015,1.35,4,44),(887,2016,0.62,4,44),(888,2012,0.5,4,1),(889,2013,0.57,4,1),(890,2014,0,4,1),(891,2015,0.5,4,1),(892,2016,0,4,1),(893,2012,0.5,4,21),(894,2013,0.57,4,21),(895,2014,0.76,4,21),(896,2015,0.8,4,21),(897,2016,0.41,4,21),(898,2012,0.22,4,47),(899,2013,0.2,4,47),(900,2014,0.12,4,47),(901,2015,1.06,4,47),(902,2016,0.19,4,47),(903,2012,1.27,4,32),(904,2013,1.34,4,32),(905,2014,1.22,4,32),(906,2015,1.01,4,32),(907,2016,1.02,4,32),(908,2012,1.31,4,29),(909,2013,1.64,4,29),(910,2014,1.7,4,29),(911,2015,1.61,4,29),(912,2016,1.15,4,29),(913,2012,0.74,4,33),(914,2013,1,4,33),(915,2014,0.76,4,33),(916,2015,0.82,4,33),(917,2016,1.38,4,33),(918,2012,1.22,4,46),(919,2013,1.03,4,46),(920,2014,0.95,4,46),(921,2015,0.9,4,46),(922,2016,0.84,4,46),(923,2012,0.88,4,18),(924,2013,0.9,4,18),(925,2014,0.71,4,18),(926,2015,1,4,18),(927,2016,1.83,4,18),(928,2012,0.43,4,19),(929,2013,0.57,4,19),(930,2014,0.76,4,19),(931,2015,0,4,19),(932,2016,0,4,19),(933,2012,4.11,4,25),(934,2013,1.11,4,25),(935,2014,1.2,4,25),(936,2015,0,4,25),(937,2016,0,4,25),(938,2012,1.03,4,41),(939,2013,1.23,4,41),(940,2014,0.72,4,41),(941,2015,1.7,4,41),(942,2016,0.83,4,41),(943,2012,0.36,4,6),(944,2013,0.12,4,6),(945,2014,0.16,4,6),(946,2015,0.85,4,6),(947,2016,0.53,4,6),(948,2012,0.13,4,4),(949,2013,0.6,4,4),(950,2014,0.6,4,4),(951,2015,0.93,4,4),(952,2016,0.45,4,4),(953,2012,0.65,4,13),(954,2013,0.35,4,13),(955,2014,0.5,4,13),(956,2015,1.15,4,13),(957,2016,0.65,4,13),(958,2012,1.16,4,26),(959,2013,1,4,26),(960,2014,1.14,4,26),(961,2015,1.73,4,26),(962,2016,0.94,4,26),(963,2012,0.81,4,23),(964,2013,1.3,4,23),(965,2014,0.97,4,23),(966,2015,0.91,4,23),(967,2016,0.83,4,23),(968,2012,0.91,4,27),(969,2013,17.81,4,27),(970,2014,0.97,4,27),(971,2015,1,4,27),(972,2016,1.75,4,27),(973,2012,0.87,4,38),(974,2013,1.15,4,38),(975,2014,1.13,4,38),(976,2015,1,4,38),(977,2016,1.01,4,38),(978,2012,0.5,4,8),(979,2013,0.36,4,8),(980,2014,0.18,4,8),(981,2015,0,4,8),(982,2016,0,4,8),(983,2012,0.88,4,24),(984,2013,0.87,4,24),(985,2014,0.86,4,24),(986,2015,1,4,24),(987,2016,0.9,4,24),(988,2017,4.75,4,30),(989,2017,14.620000000000001,4,36),(990,2017,16.92,4,39),(991,2017,16.63,4,40),(992,2017,7.3,4,28),(993,2017,5.99,4,14),(994,2017,7.86,4,7),(995,2017,11.370000000000001,4,43),(996,2017,0,4,11),(997,2017,3.02,4,34),(998,2017,15.18,4,37),(999,2017,10.81,4,35),(1000,2017,0.8,4,22),(1001,2017,3.17,4,3),(1002,2017,6.29,4,20),(1003,2017,10.35,4,45),(1004,2017,12.25,4,42),(1005,2017,4.71,4,15),(1006,2017,7.31,4,2),(1007,2017,0.8200000000000001,4,5),(1008,2017,9.73,4,16),(1009,2017,5.83,4,17),(1010,2017,6.6,4,9),(1011,2017,0,4,10),(1012,2017,12.12,4,12),(1013,2017,11.99,4,44),(1014,2017,1,4,1),(1015,2017,4.16,4,21),(1016,2017,2,4,47),(1017,2017,14.43,4,32),(1018,2017,9.6,4,29),(1019,2017,11.73,4,33),(1020,2017,69.25,4,46),(1021,2017,0.29000000000000004,4,18),(1022,2017,0,4,19),(1023,2017,0,4,25),(1024,2017,10.27,4,41),(1025,2017,3.5300000000000002,4,6),(1026,2017,6.26,4,4),(1027,2017,7.96,4,13),(1028,2017,6.21,4,26),(1029,2017,6.58,4,23),(1030,2017,8.94,4,27),(1031,2017,6.34,4,38),(1032,2017,10.94,4,8),(1033,2017,3.81,4,24),(1034,2018,0.99,4,30),(1035,2018,3.71,4,36),(1036,2018,3.35,4,39),(1037,2018,2.74,4,40),(1038,2018,2.17,4,28),(1039,2018,1.6400000000000001,4,14),(1040,2018,1,4,7),(1041,2018,2.2,4,43),(1042,2018,1.25,4,11),(1043,2018,2.27,4,34),(1044,2018,1.45,4,37),(1045,2018,1.8,4,35),(1046,2018,0.8,4,22),(1047,2018,0.52,4,3),(1048,2018,1.1099999999999999,4,20),(1049,2018,2.4,4,45),(1050,2018,2.42,4,42),(1051,2018,0.95,4,15),(1052,2018,1.54,4,2),(1053,2018,1.7999999999999998,4,31),(1054,2018,1,4,5),(1055,2018,1.02,4,16),(1056,2018,1.26,4,17),(1057,2018,0,4,10),(1058,2018,2.24,4,12),(1059,2018,1.96,4,44),(1060,2018,1,4,1),(1061,2018,1.2000000000000002,4,21),(1062,2018,1.67,4,47),(1063,2018,1.75,4,32),(1064,2018,5.09,4,29),(1065,2018,2.2800000000000002,4,33),(1066,2018,1.42,4,46),(1067,2018,0.34,4,18),(1068,2018,0,4,19),(1069,2018,0,4,25),(1070,2018,2.54,4,41),(1071,2018,1.07,4,6),(1072,2018,0.26,4,4),(1073,2018,2.12,4,13),(1074,2018,1.4100000000000001,4,26),(1075,2018,1.16,4,23),(1076,2018,0.91,4,27),(1077,2018,1.41,4,38),(1078,2018,1.49,4,8),(1079,2018,1.14,4,24),(1080,2012,2.87,5,39),(1081,2013,2.81,5,39),(1082,2014,2.95,5,39),(1083,2015,3.2,5,39),(1084,2016,3,5,39),(1085,2012,3.06,5,28),(1086,2013,2.7,5,28),(1087,2014,2.7,5,28),(1088,2015,2.02,5,28),(1089,2016,1.95,5,28),(1090,2012,3.62,5,35),(1091,2013,4.25,5,35),(1092,2014,0,5,35),(1093,2015,0,5,35),(1094,2016,0,5,35),(1095,2012,3.2,5,31),(1096,2013,4,5,31),(1097,2014,3.25,5,31),(1098,2015,3.95,5,31),(1099,2016,3.4,5,31),(1100,2012,3.43,5,10),(1101,2013,2.57,5,10),(1102,2014,2.51,5,10),(1103,2015,1.81,5,10),(1104,2016,2.71,5,10),(1105,2012,2.71,5,12),(1106,2013,4.41,5,12),(1107,2014,3.4,5,12),(1108,2015,4.86,5,12),(1109,2016,3.13,5,12),(1110,2012,3.2,5,32),(1111,2013,2.62,5,32),(1112,2014,2.7,5,32),(1113,2015,3.26,5,32),(1114,2016,3.45,5,32),(1115,2012,3.31,5,29),(1116,2013,3.22,5,29),(1117,2014,3.47,5,29),(1118,2015,2.75,5,29),(1119,2016,3.13,5,29),(1120,2012,3.47,5,33),(1121,2013,2.84,5,33),(1122,2014,2.82,5,33),(1123,2015,3.66,5,33),(1124,2016,2.53,5,33),(1125,2012,2.58,5,46),(1126,2013,2.19,5,46),(1127,2014,2.84,5,46),(1128,2015,2.66,5,46),(1129,2016,3.34,5,46),(1130,2012,4.34,5,18),(1131,2013,2.49,5,18),(1132,2014,2.69,5,18),(1133,2015,2.45,5,18),(1134,2016,2.5,5,18),(1135,2012,2.65,5,19),(1136,2013,3.07,5,19),(1137,2014,2.33,5,19),(1138,2015,2.53,5,19),(1139,2016,4.42,5,19),(1140,2012,4.05,5,25),(1141,2013,4.02,5,25),(1142,2014,3.13,5,25),(1143,2015,2.93,5,25),(1144,2016,2.05,5,25),(1145,2012,2.58,5,26),(1146,2013,2.47,5,26),(1147,2014,2.59,5,26),(1148,2015,2.51,5,26),(1149,2016,2.74,5,26),(1150,2012,2.46,5,27),(1151,2013,2.7,5,27),(1152,2014,2.6,5,27),(1153,2015,2.29,5,27),(1154,2016,2.66,5,27),(1155,2017,1.1,5,30),(1156,2017,0,5,36),(1157,2017,13.25,5,39),(1158,2017,0,5,40),(1159,2017,3.0700000000000003,5,28),(1160,2017,0,5,14),(1161,2017,0,5,7),(1162,2017,0,5,43),(1163,2017,0,5,11),(1164,2017,0,5,34),(1165,2017,1.8,5,37),(1166,2017,0,5,35),(1167,2017,0,5,22),(1168,2017,0,5,3),(1169,2017,0,5,20),(1170,2017,6.43,5,45),(1171,2017,0,5,42),(1172,2017,0,5,15),(1173,2017,0,5,2),(1174,2017,13.66,5,31),(1175,2017,0,5,5),(1176,2017,0,5,16),(1177,2017,0,5,17),(1178,2017,0,5,9),(1179,2017,0,5,10),(1180,2017,2.36,5,12),(1181,2017,0,5,44),(1182,2017,0,5,1),(1183,2017,2.7,5,21),(1184,2017,0,5,47),(1185,2017,49.99,5,32),(1186,2017,0,5,29),(1187,2017,19.35,5,33),(1188,2017,9.38,5,46),(1189,2017,0,5,18),(1190,2017,5.220000000000001,5,19),(1191,2017,4.05,5,25),(1192,2017,0,5,41),(1193,2017,0,5,6),(1194,2017,0,5,4),(1195,2017,0,5,13),(1196,2017,13.95,5,26),(1197,2017,0,5,23),(1198,2017,14.5,5,27),(1199,2017,0,5,38),(1200,2017,0,5,8),(1201,2017,0,5,24),(1202,2018,3.6,5,30),(1203,2018,0,5,36),(1204,2018,9.49,5,39),(1205,2018,0,5,40),(1206,2018,2.97,5,28),(1207,2018,1.8,5,45),(1208,2018,8.129999999999999,5,31),(1209,2018,0.6499999999999999,5,10),(1210,2018,5.18,5,12),(1211,2018,5.59,5,32),(1212,2018,6.47,5,33),(1213,2018,1.48,5,46),(1214,2018,3.91,5,18),(1215,2018,3.5300000000000002,5,19),(1216,2018,3,5,25),(1217,2018,5.529999999999999,5,26),(1218,2018,2.92,5,27),(1219,2018,0,5,24),(1220,2012,5.5,6,30),(1221,2013,10.1,6,30),(1222,2014,4.28,6,30),(1223,2015,10.66,6,30),(1224,2016,11.38,6,30),(1225,2012,10.84,6,36),(1226,2013,14.23,6,36),(1227,2014,13.28,6,36),(1228,2015,13.74,6,36),(1229,2016,7.28,6,36),(1230,2012,13.81,6,39),(1231,2013,23.18,6,39),(1232,2014,24.19,6,39),(1233,2015,20.68,6,39),(1234,2016,22.66,6,39),(1235,2012,9.17,6,40),(1236,2013,20.59,6,40),(1237,2014,18.76,6,40),(1238,2015,15,6,40),(1239,2016,14.73,6,40),(1240,2012,10.03,6,28),(1241,2013,10.5,6,28),(1242,2014,11.24,6,28),(1243,2015,23.56,6,28),(1244,2016,22.29,6,28),(1245,2012,13.26,6,14),(1246,2013,17.35,6,14),(1247,2014,14.73,6,14),(1248,2015,20,6,14),(1249,2016,9,6,14),(1250,2012,17.65,6,43),(1251,2013,14.92,6,43),(1252,2014,16.29,6,43),(1253,2015,14.28,6,43),(1254,2016,11.87,6,43),(1255,2012,11.67,6,11),(1256,2013,2.32,6,11),(1257,2014,2.38,6,11),(1258,2015,16.46,6,11),(1259,2016,12.57,6,11),(1260,2012,7.92,6,34),(1261,2013,14,6,34),(1262,2014,14,6,34),(1263,2015,10.14,6,34),(1264,2016,4,6,34),(1265,2012,11.2,6,37),(1266,2013,8.28,6,37),(1267,2014,8.26,6,37),(1268,2015,9.09,6,37),(1269,2016,8.93,6,37),(1270,2012,9.14,6,35),(1271,2013,2.16,6,35),(1272,2014,2.13,6,35),(1273,2015,12.66,6,35),(1274,2016,11.95,6,35),(1275,2012,5.41,6,22),(1276,2013,17.53,6,22),(1277,2014,92.38,6,22),(1278,2015,12.61,6,22),(1279,2016,10.18,6,22),(1280,2012,7.61,6,3),(1281,2013,15,6,3),(1282,2014,15,6,3),(1283,2015,8.23,6,3),(1284,2016,9.33,6,3),(1285,2012,19.15,6,20),(1286,2013,16.32,6,20),(1287,2014,11.29,6,20),(1288,2015,6.38,6,20),(1289,2016,10.75,6,20),(1290,2012,17.11,6,45),(1291,2013,15.4,6,45),(1292,2014,17.5,6,45),(1293,2015,10.7,6,45),(1294,2016,11.04,6,45),(1295,2012,14.95,6,42),(1296,2013,10.69,6,42),(1297,2014,11.06,6,42),(1298,2015,12.13,6,42),(1299,2016,12.94,6,42),(1300,2012,8.78,6,15),(1301,2013,4.88,6,15),(1302,2014,4.83,6,15),(1303,2015,4.71,6,15),(1304,2016,4,6,15),(1305,2012,4.88,6,2),(1306,2013,15.73,6,2),(1307,2014,0.81,6,2),(1308,2015,26.92,6,2),(1309,2016,1.31,6,2),(1310,2012,5.88,6,31),(1311,2013,14.56,6,31),(1312,2014,15.03,6,31),(1313,2015,6.27,6,31),(1314,2016,5.35,6,31),(1315,2012,18.18,6,5),(1316,2013,18.23,6,5),(1317,2014,19.28,6,5),(1318,2015,16.06,6,5),(1319,2016,12.11,6,5),(1320,2012,14.82,6,16),(1321,2013,12.41,6,16),(1322,2014,11.8,6,16),(1323,2015,15,6,16),(1324,2016,10.3,6,16),(1325,2012,10.25,6,17),(1326,2013,7.47,6,17),(1327,2014,7.97,6,17),(1328,2015,12.46,6,17),(1329,2016,9.87,6,17),(1330,2012,11.94,6,12),(1331,2013,7.33,6,12),(1332,2014,6.93,6,12),(1333,2015,12.18,6,12),(1334,2016,7.87,6,12),(1335,2012,15.51,6,44),(1336,2013,4.97,6,44),(1337,2014,6.33,6,44),(1338,2015,9.37,6,44),(1339,2016,9.86,6,44),(1340,2012,7.75,6,1),(1341,2013,10.57,6,1),(1342,2014,3,6,1),(1343,2015,10.8,6,1),(1344,2016,5.75,6,1),(1345,2012,13.32,6,21),(1346,2013,10.32,6,21),(1347,2014,8.64,6,21),(1348,2015,7.45,6,21),(1349,2016,8.13,6,21),(1350,2012,6.73,6,47),(1351,2013,7,6,47),(1352,2014,7,6,47),(1353,2015,8.08,6,47),(1354,2016,5.46,6,47),(1355,2012,9.46,6,32),(1356,2013,6.98,6,32),(1357,2014,8.23,6,32),(1358,2015,12.12,6,32),(1359,2016,8.75,6,32),(1360,2012,11.73,6,29),(1361,2013,14.61,6,29),(1362,2014,16.45,6,29),(1363,2015,11.58,6,29),(1364,2016,11.15,6,29),(1365,2012,10.65,6,33),(1366,2013,14.44,6,33),(1367,2014,11.26,6,33),(1368,2015,10.88,6,33),(1369,2016,9.32,6,33),(1370,2012,11.72,6,46),(1371,2013,16.07,6,46),(1372,2014,10.8,6,46),(1373,2015,12.2,6,46),(1374,2016,16.88,6,46),(1375,2012,11.48,6,18),(1376,2013,17.04,6,18),(1377,2014,11.67,6,18),(1378,2015,11.37,6,18),(1379,2016,10.49,6,18),(1380,2012,10.6,6,19),(1381,2013,10.32,6,19),(1382,2014,8.64,6,19),(1383,2015,12.31,6,19),(1384,2016,9.95,6,19),(1385,2012,13.18,6,41),(1386,2013,11.64,6,41),(1387,2014,13.32,6,41),(1388,2015,17.74,6,41),(1389,2016,11.42,6,41),(1390,2012,7.06,6,6),(1391,2013,12.76,6,6),(1392,2014,10.43,6,6),(1393,2015,9.38,6,6),(1394,2016,11.89,6,6),(1395,2012,8.71,6,4),(1396,2013,10.52,6,4),(1397,2014,15.74,6,4),(1398,2015,11.53,6,4),(1399,2016,10.16,6,4),(1400,2012,13.02,6,13),(1401,2013,4.67,6,13),(1402,2014,7.25,6,13),(1403,2015,13.98,6,13),(1404,2016,12.75,6,13),(1405,2012,16.18,6,26),(1406,2013,5.75,6,26),(1407,2014,13.78,6,26),(1408,2015,11.1,6,26),(1409,2016,5.07,6,26),(1410,2012,6.67,6,27),(1411,2013,10.78,6,27),(1412,2014,11.33,6,27),(1413,2015,13.95,6,27),(1414,2016,11.85,6,27),(1415,2012,13.34,6,38),(1416,2013,10,6,38),(1417,2014,10.22,6,38),(1418,2015,12.03,6,38),(1419,2016,14.03,6,38),(1420,2012,18.97,6,24),(1421,2013,10,6,24),(1422,2014,10.33,6,24),(1423,2015,6.82,6,24),(1424,2016,9.85,6,24);
/*!40000 ALTER TABLE `dashapp_productions` ENABLE KEYS */;
UNLOCK TABLES;

--
-- Table structure for table `dashapp_securityandstability`
--

DROP TABLE IF EXISTS `dashapp_securityandstability`;
/*!40101 SET @saved_cs_client     = @@character_set_client */;
/*!50503 SET character_set_client = utf8mb4 */;
CREATE TABLE `dashapp_securityandstability` (
  `id` bigint NOT NULL AUTO_INCREMENT,
  `index` double NOT NULL,
  `year` int DEFAULT NULL,
  PRIMARY KEY (`id`)
) ENGINE=InnoDB AUTO_INCREMENT=19 DEFAULT CHARSET=utf8mb4 COLLATE=utf8mb4_0900_ai_ci;
/*!40101 SET character_set_client = @saved_cs_client */;

--
-- Dumping data for table `dashapp_securityandstability`
--

LOCK TABLES `dashapp_securityandstability` WRITE;
/*!40000 ALTER TABLE `dashapp_securityandstability` DISABLE KEYS */;
INSERT INTO `dashapp_securityandstability` VALUES (1,-1.07,2000),(2,-1.19,2002),(3,-1.26,2003),(4,-1.09,2004),(5,-1.25,2005),(6,-1.13,2006),(7,-1.3,2007),(8,-1.39,2008),(9,-1.43,2009),(10,-1.17,2010),(11,-1.24,2011),(12,-1.32,2012),(13,-1.17,2013),(14,-1.28,2014),(15,-1.24,2015),(16,-1.35,2016),(17,-1.13,2017),(18,-1.16,2018);
/*!40000 ALTER TABLE `dashapp_securityandstability` ENABLE KEYS */;
UNLOCK TABLES;

--
-- Table structure for table `django_admin_log`
--

DROP TABLE IF EXISTS `django_admin_log`;
/*!40101 SET @saved_cs_client     = @@character_set_client */;
/*!50503 SET character_set_client = utf8mb4 */;
CREATE TABLE `django_admin_log` (
  `id` int NOT NULL AUTO_INCREMENT,
  `action_time` datetime(6) NOT NULL,
  `object_id` longtext,
  `object_repr` varchar(200) NOT NULL,
  `action_flag` smallint unsigned NOT NULL,
  `change_message` longtext NOT NULL,
  `content_type_id` int DEFAULT NULL,
  `user_id` int NOT NULL,
  PRIMARY KEY (`id`),
  KEY `django_admin_log_content_type_id_c4bce8eb_fk_django_co` (`content_type_id`),
  KEY `django_admin_log_user_id_c564eba6_fk_auth_user_id` (`user_id`),
  CONSTRAINT `django_admin_log_content_type_id_c4bce8eb_fk_django_co` FOREIGN KEY (`content_type_id`) REFERENCES `django_content_type` (`id`),
  CONSTRAINT `django_admin_log_user_id_c564eba6_fk_auth_user_id` FOREIGN KEY (`user_id`) REFERENCES `auth_user` (`id`),
  CONSTRAINT `django_admin_log_chk_1` CHECK ((`action_flag` >= 0))
) ENGINE=InnoDB DEFAULT CHARSET=utf8mb4 COLLATE=utf8mb4_0900_ai_ci;
/*!40101 SET character_set_client = @saved_cs_client */;

--
-- Dumping data for table `django_admin_log`
--

LOCK TABLES `django_admin_log` WRITE;
/*!40000 ALTER TABLE `django_admin_log` DISABLE KEYS */;
/*!40000 ALTER TABLE `django_admin_log` ENABLE KEYS */;
UNLOCK TABLES;

--
-- Table structure for table `django_content_type`
--

DROP TABLE IF EXISTS `django_content_type`;
/*!40101 SET @saved_cs_client     = @@character_set_client */;
/*!50503 SET character_set_client = utf8mb4 */;
CREATE TABLE `django_content_type` (
  `id` int NOT NULL AUTO_INCREMENT,
  `app_label` varchar(100) NOT NULL,
  `model` varchar(100) NOT NULL,
  PRIMARY KEY (`id`),
  UNIQUE KEY `django_content_type_app_label_model_76bd3d3b_uniq` (`app_label`,`model`)
) ENGINE=InnoDB AUTO_INCREMENT=17 DEFAULT CHARSET=utf8mb4 COLLATE=utf8mb4_0900_ai_ci;
/*!40101 SET character_set_client = @saved_cs_client */;

--
-- Dumping data for table `django_content_type`
--

LOCK TABLES `django_content_type` WRITE;
/*!40000 ALTER TABLE `django_content_type` DISABLE KEYS */;
INSERT INTO `django_content_type` VALUES (1,'admin','logentry'),(3,'auth','group'),(2,'auth','permission'),(4,'auth','user'),(5,'contenttypes','contenttype'),(16,'dashapp','agriculturespending'),(9,'dashapp','climate'),(10,'dashapp','commodity'),(15,'dashapp','commodityprices'),(11,'dashapp','county'),(12,'dashapp','fertilizerimports'),(14,'dashapp','productions'),(13,'dashapp','securityandstability'),(7,'django_plotly_dash','dashapp'),(8,'django_plotly_dash','statelessapp'),(6,'sessions','session');
/*!40000 ALTER TABLE `django_content_type` ENABLE KEYS */;
UNLOCK TABLES;

--
-- Table structure for table `django_migrations`
--

DROP TABLE IF EXISTS `django_migrations`;
/*!40101 SET @saved_cs_client     = @@character_set_client */;
/*!50503 SET character_set_client = utf8mb4 */;
CREATE TABLE `django_migrations` (
  `id` bigint NOT NULL AUTO_INCREMENT,
  `app` varchar(255) NOT NULL,
  `name` varchar(255) NOT NULL,
  `applied` datetime(6) NOT NULL,
  PRIMARY KEY (`id`)
) ENGINE=InnoDB AUTO_INCREMENT=27 DEFAULT CHARSET=utf8mb4 COLLATE=utf8mb4_0900_ai_ci;
/*!40101 SET character_set_client = @saved_cs_client */;

--
-- Dumping data for table `django_migrations`
--

LOCK TABLES `django_migrations` WRITE;
/*!40000 ALTER TABLE `django_migrations` DISABLE KEYS */;
INSERT INTO `django_migrations` VALUES (1,'contenttypes','0001_initial','2022-03-12 05:10:59.224542'),(2,'auth','0001_initial','2022-03-12 05:11:00.686900'),(3,'admin','0001_initial','2022-03-12 05:11:01.021586'),(4,'admin','0002_logentry_remove_auto_add','2022-03-12 05:11:01.038010'),(5,'admin','0003_logentry_add_action_flag_choices','2022-03-12 05:11:01.054543'),(6,'contenttypes','0002_remove_content_type_name','2022-03-12 05:11:01.242569'),(7,'auth','0002_alter_permission_name_max_length','2022-03-12 05:11:01.359674'),(8,'auth','0003_alter_user_email_max_length','2022-03-12 05:11:01.423957'),(9,'auth','0004_alter_user_username_opts','2022-03-12 05:11:01.440408'),(10,'auth','0005_alter_user_last_login_null','2022-03-12 05:11:01.541419'),(11,'auth','0006_require_contenttypes_0002','2022-03-12 05:11:01.550111'),(12,'auth','0007_alter_validators_add_error_messages','2022-03-12 05:11:01.586365'),(13,'auth','0008_alter_user_username_max_length','2022-03-12 05:11:01.737561'),(14,'auth','0009_alter_user_last_name_max_length','2022-03-12 05:11:01.886665'),(15,'auth','0010_alter_group_name_max_length','2022-03-12 05:11:01.935409'),(16,'auth','0011_update_proxy_permissions','2022-03-12 05:11:01.957447'),(17,'auth','0012_alter_user_first_name_max_length','2022-03-12 05:11:02.092347'),(18,'dashapp','0001_initial','2022-03-12 05:11:02.777314'),(19,'dashapp','0002_alter_fertilizerimports_date','2022-03-12 05:11:02.870822'),(20,'dashapp','0003_rename_date_fertilizerimports_year_and_more','2022-03-12 05:11:03.120354'),(21,'dashapp','0004_alter_fertilizerimports_year_alter_productions_year_and_more','2022-03-12 05:11:03.387730'),(22,'dashapp','0005_agriculturespending_and_more','2022-03-12 05:11:03.729074'),(23,'django_plotly_dash','0001_initial','2022-03-12 05:11:03.969493'),(24,'django_plotly_dash','0002_add_examples','2022-03-12 05:11:04.003212'),(25,'django_plotly_dash','0003_alter_dashapp_id_alter_statelessapp_id','2022-03-12 05:11:06.251483'),(26,'sessions','0001_initial','2022-03-12 05:11:06.565919');
/*!40000 ALTER TABLE `django_migrations` ENABLE KEYS */;
UNLOCK TABLES;

--
-- Table structure for table `django_plotly_dash_dashapp`
--

DROP TABLE IF EXISTS `django_plotly_dash_dashapp`;
/*!40101 SET @saved_cs_client     = @@character_set_client */;
/*!50503 SET character_set_client = utf8mb4 */;
CREATE TABLE `django_plotly_dash_dashapp` (
  `id` bigint NOT NULL AUTO_INCREMENT,
  `instance_name` varchar(100) NOT NULL,
  `slug` varchar(110) NOT NULL,
  `base_state` longtext NOT NULL,
  `creation` datetime(6) NOT NULL,
  `update` datetime(6) NOT NULL,
  `save_on_change` tinyint(1) NOT NULL,
  `stateless_app_id` bigint NOT NULL,
  PRIMARY KEY (`id`),
  UNIQUE KEY `instance_name` (`instance_name`),
  UNIQUE KEY `slug` (`slug`),
  KEY `django_plotly_dash_dashapp_stateless_app_id_220444de_fk` (`stateless_app_id`),
  CONSTRAINT `django_plotly_dash_dashapp_stateless_app_id_220444de_fk` FOREIGN KEY (`stateless_app_id`) REFERENCES `django_plotly_dash_statelessapp` (`id`)
) ENGINE=InnoDB DEFAULT CHARSET=utf8mb4 COLLATE=utf8mb4_0900_ai_ci;
/*!40101 SET character_set_client = @saved_cs_client */;

--
-- Dumping data for table `django_plotly_dash_dashapp`
--

LOCK TABLES `django_plotly_dash_dashapp` WRITE;
/*!40000 ALTER TABLE `django_plotly_dash_dashapp` DISABLE KEYS */;
/*!40000 ALTER TABLE `django_plotly_dash_dashapp` ENABLE KEYS */;
UNLOCK TABLES;

--
-- Table structure for table `django_plotly_dash_statelessapp`
--

DROP TABLE IF EXISTS `django_plotly_dash_statelessapp`;
/*!40101 SET @saved_cs_client     = @@character_set_client */;
/*!50503 SET character_set_client = utf8mb4 */;
CREATE TABLE `django_plotly_dash_statelessapp` (
  `id` bigint NOT NULL AUTO_INCREMENT,
  `app_name` varchar(100) NOT NULL,
  `slug` varchar(110) NOT NULL,
  PRIMARY KEY (`id`),
  UNIQUE KEY `app_name` (`app_name`),
  UNIQUE KEY `slug` (`slug`)
) ENGINE=InnoDB AUTO_INCREMENT=2 DEFAULT CHARSET=utf8mb4 COLLATE=utf8mb4_0900_ai_ci;
/*!40101 SET character_set_client = @saved_cs_client */;

--
-- Dumping data for table `django_plotly_dash_statelessapp`
--

LOCK TABLES `django_plotly_dash_statelessapp` WRITE;
/*!40000 ALTER TABLE `django_plotly_dash_statelessapp` DISABLE KEYS */;
INSERT INTO `django_plotly_dash_statelessapp` VALUES (1,'SimpleExample','simpleexample');
/*!40000 ALTER TABLE `django_plotly_dash_statelessapp` ENABLE KEYS */;
UNLOCK TABLES;

--
-- Table structure for table `django_session`
--

DROP TABLE IF EXISTS `django_session`;
/*!40101 SET @saved_cs_client     = @@character_set_client */;
/*!50503 SET character_set_client = utf8mb4 */;
CREATE TABLE `django_session` (
  `session_key` varchar(40) NOT NULL,
  `session_data` longtext NOT NULL,
  `expire_date` datetime(6) NOT NULL,
  PRIMARY KEY (`session_key`),
  KEY `django_session_expire_date_a5c62663` (`expire_date`)
) ENGINE=InnoDB DEFAULT CHARSET=utf8mb4 COLLATE=utf8mb4_0900_ai_ci;
/*!40101 SET character_set_client = @saved_cs_client */;

--
-- Dumping data for table `django_session`
--

LOCK TABLES `django_session` WRITE;
/*!40000 ALTER TABLE `django_session` DISABLE KEYS */;
INSERT INTO `django_session` VALUES ('mp04ugbso0zuehj1z7ieqxs81bw28wrh','eyJkamFuZ29fcGxvdGx5X2Rhc2giOnt9fQ:1nT3ei:1ZvieyaJChu9nWwZWxet8_tUyxW3rBIrYi_F_HLag5M','2022-03-26 15:27:44.490219');
/*!40000 ALTER TABLE `django_session` ENABLE KEYS */;
UNLOCK TABLES;
/*!40103 SET TIME_ZONE=@OLD_TIME_ZONE */;

/*!40101 SET SQL_MODE=@OLD_SQL_MODE */;
/*!40014 SET FOREIGN_KEY_CHECKS=@OLD_FOREIGN_KEY_CHECKS */;
/*!40014 SET UNIQUE_CHECKS=@OLD_UNIQUE_CHECKS */;
/*!40101 SET CHARACTER_SET_CLIENT=@OLD_CHARACTER_SET_CLIENT */;
/*!40101 SET CHARACTER_SET_RESULTS=@OLD_CHARACTER_SET_RESULTS */;
/*!40101 SET COLLATION_CONNECTION=@OLD_COLLATION_CONNECTION */;
/*!40111 SET SQL_NOTES=@OLD_SQL_NOTES */;

-- Dump completed on 2022-03-12 19:58:05
